"   ","ID","NAME","CATEGORYID","CODE","PRICE","CATEGORYNAME","ORGID","ORGNAME","TENANTID","TENANTNAME","CREATEUSERID","CREATEUSERNAME","CREATETIME"
"1","0ee89165f7544a66929af05b753a4642","红烧青蛙腿","40173437BFA54BA3A3FB03F0C305B08B","03011023","","家常菜","FD4E24D906524A8D92FF658038007552","测试机构","101","服务器租户","405fd9efb98e449da64c440d9953f7fe","方小高","2018-02-08 14:18:18"
"2","C90DD2336F3E48CCBCDC925D2D24884D","龙虾","28F4604F9D694A249CB40B32E8F3F83A","1002","","虾类","4f2c1155224b4b9895aa3120f0e7f977","海创园餐厅","fc259240d07046a0bd0393b28def547e","海创园租户","67721565ab5d4c0780104f78c56e26d0","king","2018-04-02 8:53:39"
"3","5B1C1C87860E4B2F97A7871BBA4A8660","黑米","715C023DB749487DA9C636E07D050581","8017","3.200000","米面杂粮类","C69736E3F36C44099ECA09DCE4534522","河北工程大学","123","河北工程大学","","",""
"4","84FABFC9B6E04F8AA0E1391236DC189C","龙须面","715C023DB749487DA9C636E07D050581","8018","43.000000","米面杂粮类","C69736E3F36C44099ECA09DCE4534522","河北工程大学","123","河北工程大学","","",""
"5","F56A27E5036742EFB02CAF67B43A1542","豆腐","715C023DB749487DA9C636E07D050581","8019","1.540000","米面杂粮类","C69736E3F36C44099ECA09DCE4534522","河北工程大学","123","河北工程大学","","",""
"6","BB306E0B921F478DB7844DA78CD344FF","豆腐干","715C023DB749487DA9C636E07D050581","8020","2.900000","米面杂粮类","C69736E3F36C44099ECA09DCE4534522","河北工程大学","123","河北工程大学","","",""
"7","2625F41FAB3247A0A986B6106F8A7ED9","豆腐丝","715C023DB749487DA9C636E07D050581","8021","3.000000","米面杂粮类","C69736E3F36C44099ECA09DCE4534522","河北工程大学","123","河北工程大学","","",""
"8","64F4ED91A0F24D8195A1FD185B9610B4","豆腐皮","715C023DB749487DA9C636E07D050581","8022","3.500000","米面杂粮类","C69736E3F36C44099ECA09DCE4534522","河北工程大学","123","河北工程大学","","",""
"9","5B1A8C743D304D459A7C08A399485C1E","小米","715C023DB749487DA9C636E07D050581","8011","3.800000","米面杂粮类","C69736E3F36C44099ECA09DCE4534522","河北工程大学","123","河北工程大学","","",""
"10","50110b38a4bf4e06938a30558e85d7d4","红烧青蛙腿的对对对","40173437BFA54BA3A3FB03F0C305B08B","03011021","","家常菜","ec67794a5d1043688a25ab02257a6b1b","海创园租户","fc259240d07046a0bd0393b28def547e","海创园租户","fdf509c584cf409cbbe2d1a499ad3a76","三零三","2018-02-09 9:40:51"
"11","EEB22568AF7443C79CD96B1FF52E8E86","黄豆","715C023DB749487DA9C636E07D050581","8012","2.600000","米面杂粮类","C69736E3F36C44099ECA09DCE4534522","河北工程大学","123","河北工程大学","","",""
"12","f3527921616041ed824581d46a5a970a","大虾","28F4604F9D694A249CB40B32E8F3F83A","02020202","","虾类","4f2c1155224b4b9895aa3120f0e7f977","海创园餐厅","fc259240d07046a0bd0393b28def547e","海创园租户","67721565ab5d4c0780104f78c56e26d0","king","2018-03-13 9:40:30"
"13","99","西红柿","12","xhs","","绿菜","","","101","服务器租户","","",""
"14","12","香菜","12","xc","1.000000","绿菜","","","101","服务器租户","","",""
"15","3A000D3C91C9481FA2E61A210AB03552","绿豆","715C023DB749487DA9C636E07D050581","8013","5.600000","米面杂粮类","C69736E3F36C44099ECA09DCE4534522","河北工程大学","123","河北工程大学","","",""
"16","9db0db95cdb443d0beaf9d0c3e89b1dd","素菜套餐","C13A843A76AF41C3A1DCC6324FDE2F82","030305","","蔬菜","4f2c1155224b4b9895aa3120f0e7f977","海创园餐厅","fc259240d07046a0bd0393b28def547e","海创园租户","67721565ab5d4c0780104f78c56e26d0","king","2018-03-13 9:42:48"
"17","84A10EC828B64ED4B08E0716C2755579","红小豆","715C023DB749487DA9C636E07D050581","8014","5.800000","米面杂粮类","C69736E3F36C44099ECA09DCE4534522","河北工程大学","123","河北工程大学","","",""
"18","7B13F57AA96D45CEA4837FEB7326788F","八宝米","715C023DB749487DA9C636E07D050581","8015","3.200000","米面杂粮类","C69736E3F36C44099ECA09DCE4534522","河北工程大学","123","河北工程大学","","",""
"19","F05F11420D0E43DF8895AA74624A2508","江米","715C023DB749487DA9C636E07D050581","8016","3.200000","米面杂粮类","C69736E3F36C44099ECA09DCE4534522","河北工程大学","123","河北工程大学","","",""
"20","EDB0A4CC9D114F00BE9BED427FD7F814","富强粉","715C023DB749487DA9C636E07D050581","8008","1.660000","米面杂粮类","C69736E3F36C44099ECA09DCE4534522","河北工程大学","123","河北工程大学","","",""
"21","21072587E3DA4E89BADFEEBB12EE98F1","特精粉","715C023DB749487DA9C636E07D050581","8009","1.800000","米面杂粮类","C69736E3F36C44099ECA09DCE4534522","河北工程大学","123","河北工程大学","","",""
"22","13A618F1735049CBBC2F11BEBEDF29B1","超精粉","715C023DB749487DA9C636E07D050581","8010","1.880000","米面杂粮类","C69736E3F36C44099ECA09DCE4534522","河北工程大学","123","河北工程大学","","",""
"23","CAE13C5252474196B96DA18CF5B1AB2E","皮耳","8ECADD5EC42544D79C9681AD27A056C6","8110","15.000000","调配料品类","C69736E3F36C44099ECA09DCE4534522","河北工程大学","123","河北工程大学","","",""
"24","68AAD165EB254628975AB618E6E53AEF","当归","8ECADD5EC42544D79C9681AD27A056C6","8111","20.000000","调配料品类","C69736E3F36C44099ECA09DCE4534522","河北工程大学","123","河北工程大学","","",""
"25","74F9034B6D794CA6A1AC5EE85124ED90","干豆角","8ECADD5EC42544D79C9681AD27A056C6","8122","16.000000","调配料品类","C69736E3F36C44099ECA09DCE4534522","河北工程大学","123","河北工程大学","","",""
"26","9BF3ECDBD29F47809EA087B89B6FF442","黑鱼","8A77A47111084BF4BF99E951AF11C80E","02121","188.000000","河虾","1","机构名称","101","服务器租户","405fd9efb98e449da64c440d9953f7fe","方小高","2018-01-05 17:25:52"
"27","A54F750BDA0D4929A9D2998E99DCDE05","龙虾","8A77A47111084BF4BF99E951AF11C80E","032125","198.000000","河虾","1","机构名称","101","服务器租户","405fd9efb98e449da64c440d9953f7fe","方小高","2018-01-09 8:59:34"
"28","CC2A698F798C4C80B20B5B207A963D7D","黄花鱼","8A77A47111084BF4BF99E951AF11C80E","023124","56.000000","河虾","FD4E24D906524A8D92FF658038007552","测试机构","101","服务器租户","405fd9efb98e449da64c440d9953f7fe","方小高","2018-01-09 9:18:50"
"29","F6DDE8D211A04962B730A0FA73187095","明虾","D92D8E291ED545FE9B1204FA9621106D","1000","","虾类","e3e0015602e54060a8fa59cbbcb06765","五常餐厅","f6b14e7ad0194467896a7e32ae1a176f","闲林租户","961c1555c6d94faf8af1c7f8d8394a1c","管理员","2018-03-23 15:51:57"
"30","65B75DD76C7C4B178254EE2C7D43E521","番茄沙司","8ECADD5EC42544D79C9681AD27A056C6","8143","100.000000","调配料品类","C69736E3F36C44099ECA09DCE4534522","河北工程大学","123","河北工程大学","","",""
"31","42F49A8B7F934BDFA4E4ED1256E55C48","番茄沙司01","8ECADD5EC42544D79C9681AD27A056C6","8145","48.000000","调配料品类","C69736E3F36C44099ECA09DCE4534522","河北工程大学","123","河北工程大学","","",""
"32","E1D69C4F8E0B44228609DA0D67A6CD0D","空心菜","81D8246650BD4208AFD1E9C4AD3D85C8","1001","","鱼类","4f2c1155224b4b9895aa3120f0e7f977","海创园餐厅","fc259240d07046a0bd0393b28def547e","海创园租户","fdf509c584cf409cbbe2d1a499ad3a76","三零三","2018-02-07 11:22:20"
"33","4994CD28C1154519BE85FD4B575AA2B6","醪槽","8ECADD5EC42544D79C9681AD27A056C6","8146","7.000000","调配料品类","C69736E3F36C44099ECA09DCE4534522","河北工程大学","123","河北工程大学","","",""
"34","C18B09F587E946468E0C89082EA82C9C","一品鲜","8ECADD5EC42544D79C9681AD27A056C6","8073","84.000000","调配料品类","C69736E3F36C44099ECA09DCE4534522","河北工程大学","123","河北工程大学","","",""
"35","8AC4F43616DA40E69EB6A89BE5CD0503","红烧酱汁","8ECADD5EC42544D79C9681AD27A056C6","8201","48.000000","调配料品类","C69736E3F36C44099ECA09DCE4534522","河北工程大学","123","河北工程大学","","",""
"36","AA6BC2A278344338A711E4E4740F903C","枣泥","8ECADD5EC42544D79C9681AD27A056C6","8205","80.000000","调配料品类","C69736E3F36C44099ECA09DCE4534522","河北工程大学","123","河北工程大学","","",""
"37","1","大米","","6969696969","","","","","101","服务器租户","","",""
"38","xhs","大豆","0AE13D9CD4224F538C36B51B7E866354","969999999999","","豆制品类","","","101","服务器租户","","",""
"39","3","大白菜","","","","","","","","","","",""
"40","f7705ae34dd1446faf837d77ec0be851","红烧肉","","061005","","","FD4E24D906524A8D92FF658038007552","测试机构","101","服务器租户","405fd9efb98e449da64c440d9953f7fe","方小高","2017-12-25 16:14:33"
"41","7625B16765924E119F6EDD9516625554","大豆酱","8ECADD5EC42544D79C9681AD27A056C6","8126","69.000000","调配料品类","C69736E3F36C44099ECA09DCE4534522","河北工程大学","123","河北工程大学","","",""
"42","123","绿色蔬菜","111","wznn","","绿色蔬菜","","","","","","",""
"43","456","长叶菜","222","dgmb","","长叶菜","","","","","","",""
"44","789","短叶菜","333","pg","","短叶菜","","","","","","",""
"45","4898E27003EC45F58A931D871E98D447","小米椒","8ECADD5EC42544D79C9681AD27A056C6","8133","32.000000","调配料品类","C69736E3F36C44099ECA09DCE4534522","河北工程大学","123","河北工程大学","","",""
"46","D98693C0B25C418A89EC130DAF07694B","玉米","3AD199945D774AFA939873D3B8D19F0C","920201","5.000000","杂粮","1","机构名称","101","服务器租户","405fd9efb98e449da64c440d9953f7fe","方小高","2018-01-16 14:00:32"
"47","B27296DA61CC4C67B8B52B4DD93A3F85","面包","3583A85A41C34DD38036DAD3C917AAF7","920101","5.000000","西点","1","机构名称","101","服务器租户","405fd9efb98e449da64c440d9953f7fe","方小高","2018-01-16 14:05:07"
"48","AF5D6D8647CE4373B333997CAE4BFA69","祖名盒装豆腐","EB1941AF93224729A3760B3452C025CF","910201","20.000000","豆腐","机构名称","","101","服务器租户","405fd9efb98e449da64c440d9953f7fe","方小高","2018-01-16 14:15:06"
"49","906345BD5963422E83000EAA88F8B317","祖名豆腐干","688D20E5DEF046CABA51AD70FB6B19A1","910101","5.000000","豆干","1","机构名称","101","服务器租户","405fd9efb98e449da64c440d9953f7fe","方小高","2018-01-16 14:16:26"
"50","3cc1a292e4a042f084d61134a529a259","中西主食","E4267B578BE74AD1980B16498DF26D98","770901","","蔬菜","1","机构名称","101","服务器租户","405fd9efb98e449da64c440d9953f7fe","方小高","2018-01-16 14:55:20"
"51","c8e3250a7d604d4488c62c7598b42053","开胃小菜","E4267B578BE74AD1980B16498DF26D98","77010902","","蔬菜","1","机构名称","101","服务器租户","405fd9efb98e449da64c440d9953f7fe","方小高","2018-01-16 14:56:50"
"52","b81843ebef6a47cb88fb562f6604f583","四季豆套餐","5321E0D0C16849EAA6CEF77CB471F04B","779999","","111111","FD4E24D906524A8D92FF658038007552","测试机构","101","服务器租户","405fd9efb98e449da64c440d9953f7fe","方小高","2018-01-16 16:30:36"
"53","cca9158af2344d89abd4cadfee0e939a","111","5321E0D0C16849EAA6CEF77CB471F04B","771809","","111111","1","机构名称","101","服务器租户","405fd9efb98e449da64c440d9953f7fe","方小高","2018-01-17 9:20:20"
"54","f284910eb41d442a975d3cf955612475","红烧鱼","5321E0D0C16849EAA6CEF77CB471F04B","771099","","111111","FD4E24D906524A8D92FF658038007552","测试机构","101","服务器租户","405fd9efb98e449da64c440d9953f7fe","方小高","2018-01-17 9:33:26"
"55","2C721047FB574052AEAA2175C8664486","白虾","4434AF0361154CE18C234E623F8BB14E","1022","","水产","FD4E24D906524A8D92FF658038007552","测试机构","101","服务器租户","405fd9efb98e449da64c440d9953f7fe","方小高","2018-01-18 19:48:49"
"56","6144cc3f34604c7795fed4b9b4d5073f","水煮虾","5321E0D0C16849EAA6CEF77CB471F04B","771012","","111111","FD4E24D906524A8D92FF658038007552","测试机构","101","服务器租户","405fd9efb98e449da64c440d9953f7fe","方小高","2018-01-18 19:53:42"
"57","ff7ae17ec05142c58e50a2f5ee114424","红烧套餐","B900BDC93AF8476699E4EA75AE94867E","77024545","","海鲜","FD4E24D906524A8D92FF658038007552","测试机构","101","服务器租户","405fd9efb98e449da64c440d9953f7fe","方小高","2018-01-19 11:04:16"
"58","302D6B9EB05C45959D6C9150F39834DB","白虾","D92D8E291ED545FE9B1204FA9621106D","1001","","虾类","781fa2552efd43a48ec3843f09e68b0b","闲林租户","f6b14e7ad0194467896a7e32ae1a176f","闲林租户","961c1555c6d94faf8af1c7f8d8394a1c","管理员","2018-03-23 15:52:31"
"59","b687e42700e648b4aeee555689f10c04","红烧青蟹","40173437BFA54BA3A3FB03F0C305B08B","1020","","家常菜","ec67794a5d1043688a25ab02257a6b1b","海创园租户","fc259240d07046a0bd0393b28def547e","海创园租户","fdf509c584cf409cbbe2d1a499ad3a76","三零三","2018-02-08 11:06:16"
"60","a658a0823ab148afada7c6666796d959","红烧青蟹","40173437BFA54BA3A3FB03F0C305B08B","1020","","家常菜","ec67794a5d1043688a25ab02257a6b1b","海创园租户","fc259240d07046a0bd0393b28def547e","海创园租户","fdf509c584cf409cbbe2d1a499ad3a76","三零三","2018-02-08 11:09:05"
"61","dfaac2c1d2cd46089e5d1026d1430b48","红烧青蟹","40173437BFA54BA3A3FB03F0C305B08B","1020","","家常菜","ec67794a5d1043688a25ab02257a6b1b","海创园租户","fc259240d07046a0bd0393b28def547e","海创园租户","fdf509c584cf409cbbe2d1a499ad3a76","三零三","2018-02-08 11:20:22"
"62","e48042cae7c8428cad174c28732b2073","红烧青蛙","40173437BFA54BA3A3FB03F0C305B08B","03011022","","家常菜","ec67794a5d1043688a25ab02257a6b1b","海创园租户","fc259240d07046a0bd0393b28def547e","海创园租户","fdf509c584cf409cbbe2d1a499ad3a76","三零三","2018-02-08 14:15:18"
"63","e6b467e0df044a02bbefc785247259f8","红烧青蛙腿","40173437BFA54BA3A3FB03F0C305B08B","03011023","","家常菜","ec67794a5d1043688a25ab02257a6b1b","海创园租户","fc259240d07046a0bd0393b28def547e","海创园租户","fdf509c584cf409cbbe2d1a499ad3a76","三零三","2018-02-08 14:17:16"
"64","f2549c3debdc441e9410c198613b9360","红烧青蛙腿的","40173437BFA54BA3A3FB03F0C305B08B","03011024","","家常菜","ec67794a5d1043688a25ab02257a6b1b","海创园租户","fc259240d07046a0bd0393b28def547e","海创园租户","fdf509c584cf409cbbe2d1a499ad3a76","三零三","2018-02-08 14:20:55"
"65","7c857cf3b43d407ba58cafc8f50405d4","红烧青蛙腿的","40173437BFA54BA3A3FB03F0C305B08B","03011024","","家常菜","ec67794a5d1043688a25ab02257a6b1b","海创园租户","fc259240d07046a0bd0393b28def547e","海创园租户","fdf509c584cf409cbbe2d1a499ad3a76","三零三","2018-02-08 14:43:35"
"66","043db33addaf4eb080adda6f9370e9c7","红烧青蟹","40173437BFA54BA3A3FB03F0C305B08B","03011020","","家常菜","ec67794a5d1043688a25ab02257a6b1b","海创园租户","fc259240d07046a0bd0393b28def547e","海创园租户","fdf509c584cf409cbbe2d1a499ad3a76","三零三","2018-02-08 14:46:24"
"67","54e0f927f08d42ae9c350bfe5808b8c9","红烧螃蟹","40173437BFA54BA3A3FB03F0C305B08B","03011021","","家常菜","ec67794a5d1043688a25ab02257a6b1b","海创园租户","fc259240d07046a0bd0393b28def547e","海创园租户","fdf509c584cf409cbbe2d1a499ad3a76","三零三","2018-02-08 14:48:17"
"68","815D0ED5524F43E4A6C5FF57D4281A06","花菜","343AA440C1EA44CDB3596B73F0C1BBA0","1010","","菜类","781fa2552efd43a48ec3843f09e68b0b","闲林租户","f6b14e7ad0194467896a7e32ae1a176f","闲林租户","961c1555c6d94faf8af1c7f8d8394a1c","管理员","2018-03-23 15:53:02"
"69","4d1d5b5f069249408fef997571936803","套餐11","C13A843A76AF41C3A1DCC6324FDE2F82","031001","","蔬菜","4f2c1155224b4b9895aa3120f0e7f977","海创园餐厅","fc259240d07046a0bd0393b28def547e","海创园租户","67721565ab5d4c0780104f78c56e26d0","king","2018-04-02 16:16:48"
"70","11","鸡蛋","12","egg","0.500000","绿菜","","","101","服务器租户","","",""
"71","1001","水煮鱼","","","","","","","","","","",""
"72","1002","老婆饼","","","","","","","","","","",""
"73","1003","里脊","","","","","","","","","","",""
"74","1004","排骨","","","","","","","","","","",""
"75","1005","胡萝卜","","","","","","","","","","",""
"76","1010","金针菇","","","","","","","","","","",""
"77","1011","小炒肉","","","","","","","","","","",""
"78","1012","土豆丝","","","","","","","","","","",""
"79","1013","小青菜","","","","","","","","","","",""
"80","DE0C6401BDF64313A0BCDA9952EA2AB4","紫菜","8A77A47111084BF4BF99E951AF11C80E","CH20180108","30.500000","河虾","1","机构名称","101","服务器租户","","",""
"81","EACD04F642DB49BA84CF688820C9E62E","紫菜1","8A77A47111084BF4BF99E951AF11C80E","CH20180109","30.500000","河虾","1","机构名称","101","服务器租户","","",""
"82","F7103009ABC244819A99E2FEEB1229E2","紫菜2","8A77A47111084BF4BF99E951AF11C80E","CH20180107","30.500000","河虾","1","机构名称","101","服务器租户","","",""
"83","D85E49DEADCD4BA48E40DC492538D397","紫菜3","8A77A47111084BF4BF99E951AF11C80E","CH20180106","30.500000","河虾","1","机构名称","101","服务器租户","","",""
"84","718ebdca5ae9469a9e90761c604d1a66","黄花鱼面包汤","B900BDC93AF8476699E4EA75AE94867E","77020001","","海鲜","1","机构名称","101","服务器租户","405fd9efb98e449da64c440d9953f7fe","方小高","2018-01-23 13:17:49"
"85","c3dce279fca54051918f312db3ef8ed9","黄花鱼套餐","B900BDC93AF8476699E4EA75AE94867E","77020002","","海鲜","1","机构名称","101","服务器租户","405fd9efb98e449da64c440d9953f7fe","方小高","2018-01-23 13:24:53"
"86","699D707F70FE417AB2FD72287E6CF1DE","小白虾1","28F4604F9D694A249CB40B32E8F3F83A","0001","","虾类","ec67794a5d1043688a25ab02257a6b1b","海创园租户","fc259240d07046a0bd0393b28def547e","海创园租户","fdf509c584cf409cbbe2d1a499ad3a76","三零三","2018-01-24 9:46:35"
"87","62D5B2BD1E92454499E8DEC46F24F097","基围虾","28F4604F9D694A249CB40B32E8F3F83A","0002","","虾类","ec67794a5d1043688a25ab02257a6b1b","海创园租户","fc259240d07046a0bd0393b28def547e","海创园租户","fdf509c584cf409cbbe2d1a499ad3a76","三零三","2018-01-24 9:47:33"
"88","5962369E02F14D34B523CE277426AAC2","测试存货1","2","test01","1.000000","零食","FD4E24D906524A8D92FF658038007552","测试机构","101","服务器租户","1","张飞","2017-10-17"
"89","589695C6A65049C3AD03FFC159F1734C","测试存货2","175CA15F91804D67A419F626A462F309","test02","2.000000","测试子分类","FD4E24D906524A8D92FF658038007552","测试机构","","","1","张飞","2017-10-17"
"90","3F7ABC32413040D9A27B9D7187433F0A","测试存货3","175CA15F91804D67A419F626A462F309","test03","3.000000","测试子分类","FD4E24D906524A8D92FF658038007552","测试机构","","","1","张飞","2017-10-17"
"91","5d422795bdcd4253b46790ff5231f39b","红烧花菜","CB4A696F83634F0A8F1516D721703E44","02011000","","菜类","781fa2552efd43a48ec3843f09e68b0b","闲林租户","f6b14e7ad0194467896a7e32ae1a176f","闲林租户","961c1555c6d94faf8af1c7f8d8394a1c","管理员","2018-03-23 15:58:05"
"92","834407657e464bbeb37cc2931a14046a","水煮明虾","EFA75DAD5CA74A95931C757CBA5D946D","0101011001","","虾类","781fa2552efd43a48ec3843f09e68b0b","闲林租户","f6b14e7ad0194467896a7e32ae1a176f","闲林租户","961c1555c6d94faf8af1c7f8d8394a1c","管理员","2018-03-23 15:59:17"
"93","7814bc133ade4c1b97d2c56071606e40","红烧蟾蜍","40173437BFA54BA3A3FB03F0C305B08B","03011021","","家常菜","ec67794a5d1043688a25ab02257a6b1b","海创园租户","fc259240d07046a0bd0393b28def547e","海创园租户","fdf509c584cf409cbbe2d1a499ad3a76","三零三","2018-02-08 13:45:54"
"94","f8f1a9d4372b4c749525bc920c53b5bf","0209","18DB851B90034AFC8790A9721E74C8E8","880917","","豆制品1","FD4E24D906524A8D92FF658038007552","测试机构","101","服务器租户","405fd9efb98e449da64c440d9953f7fe","方小高","2018-02-09 9:17:11"
"95","FDA10CFD233B4D46B096FC00CF0F793D","尖椒","81D8246650BD4208AFD1E9C4AD3D85C8","1011","","鱼类","4f2c1155224b4b9895aa3120f0e7f977","海创园餐厅","fc259240d07046a0bd0393b28def547e","海创园租户","fdf509c584cf409cbbe2d1a499ad3a76","三零三","2018-02-09 14:51:18"
"96","4900c5b8194c489f83217084e2d15f3a","红烧青蛙腿的对对对得","40173437BFA54BA3A3FB03F0C305B08B","03011021","","家常菜","4f2c1155224b4b9895aa3120f0e7f977","海创园餐厅","fc259240d07046a0bd0393b28def547e","海创园租户","fdf509c584cf409cbbe2d1a499ad3a76","三零三","2018-02-09 16:45:24"
"97","5f98705221fe4d76afd8596e103cb4ed","白菜14","40173437BFA54BA3A3FB03F0C305B08B","03012029","","家常菜","0","","fc259240d07046a0bd0393b28def547e","海创园租户","df763157fddd428a955674b0498fc8a0","admin","2018-02-09 17:26:38"
"98","81f1b3da29774630be4ebb54cfca3968","红烧明虾","EFA75DAD5CA74A95931C757CBA5D946D","0101011002","","虾类","e3e0015602e54060a8fa59cbbcb06765","五常餐厅","f6b14e7ad0194467896a7e32ae1a176f","闲林租户","961c1555c6d94faf8af1c7f8d8394a1c","管理员","2018-03-23 16:10:30"
"99","38D45CAAEB884CCDBB0C6044A5EE46B2","酒花","8ECADD5EC42544D79C9681AD27A056C6","8113","3.000000","调配料品类","C69736E3F36C44099ECA09DCE4534522","河北工程大学","123","河北工程大学","","",""
"100","450D5E94AC434013BE13E8B314E7669E","豆瓣酱","8ECADD5EC42544D79C9681AD27A056C6","8115","47.000000","调配料品类","C69736E3F36C44099ECA09DCE4534522","河北工程大学","123","河北工程大学","","",""
"101","E252FD33D3F54A8A8F6D3CA127F5BFE5","生抽","8ECADD5EC42544D79C9681AD27A056C6","8116","13.000000","调配料品类","C69736E3F36C44099ECA09DCE4534522","河北工程大学","123","河北工程大学","","",""
"102","DB649CDBC35B4872950C4C3613187388","海鲜酱","8ECADD5EC42544D79C9681AD27A056C6","8119","65.000000","调配料品类","C69736E3F36C44099ECA09DCE4534522","河北工程大学","123","河北工程大学","","",""
"103","4EDDE1EC464B46F0A3D7549DACC96224","面酱","8ECADD5EC42544D79C9681AD27A056C6","8052","12.000000","调配料品类","C69736E3F36C44099ECA09DCE4534522","河北工程大学","123","河北工程大学","","",""
"104","0ADD78E93A554A519CAA366EDB728FC2","番茄酱","8ECADD5EC42544D79C9681AD27A056C6","8057","20.000000","调配料品类","C69736E3F36C44099ECA09DCE4534522","河北工程大学","123","河北工程大学","","",""
"105","C5228133644F435AA060C46ED7867C11","理想沙司","8ECADD5EC42544D79C9681AD27A056C6","8230","25.000000","调配料品类","C69736E3F36C44099ECA09DCE4534522","河北工程大学","123","河北工程大学","","",""
"106","C1CF513D241D48358A4B5546E99F8DB9","酸辣粉酱","8ECADD5EC42544D79C9681AD27A056C6","8232","40.000000","调配料品类","C69736E3F36C44099ECA09DCE4534522","河北工程大学","123","河北工程大学","","",""
"107","FC94CEF3EEEC428382062E6B0DDCF21C","土豆粉酱","8ECADD5EC42544D79C9681AD27A056C6","8233","45.000000","调配料品类","C69736E3F36C44099ECA09DCE4534522","河北工程大学","123","河北工程大学","","",""
"108","F38A6F3FEF794A10BBFF1BE3C6074D5B","麻辣香锅酱","8ECADD5EC42544D79C9681AD27A056C6","8234","40.000000","调配料品类","C69736E3F36C44099ECA09DCE4534522","河北工程大学","123","河北工程大学","","",""
"109","B57FD0554BBF4FE6A84415A3BEE46BD6","手抓饼01","6CC88B7BC4FF485CA142B862996C9D24","8262","87.000000","冷冻产品类","C69736E3F36C44099ECA09DCE4534522","河北工程大学","123","河北工程大学","","",""
"110","FBAC3DAE72B142D686490CEAE13D7EC7","玉先园甜面酱","8ECADD5EC42544D79C9681AD27A056C6","8210","12.000000","调配料品类","C69736E3F36C44099ECA09DCE4534522","河北工程大学","123","河北工程大学","","",""
"111","876CCB8C30FF4ED8BCBDF112352FA7C6","百味佳鸡粉","8ECADD5EC42544D79C9681AD27A056C6","8212","30.000000","调配料品类","C69736E3F36C44099ECA09DCE4534522","河北工程大学","123","河北工程大学","","",""
"112","49D204EB629A41BB9D247BA815F6AE80","蒜蓉酱","8ECADD5EC42544D79C9681AD27A056C6","8222","35.000000","调配料品类","C69736E3F36C44099ECA09DCE4534522","河北工程大学","123","河北工程大学","","",""
"113","232A14B07886473FB3609A0F647C2D3A","小白虾11","8A77A47111084BF4BF99E951AF11C80E","1008","","河虾","FD4E24D906524A8D92FF658038007552","测试机构","101","服务器租户","405fd9efb98e449da64c440d9953f7fe","方小高","2017-12-26 8:51:49"
"114","88FBFBECCB384FAEA0FBCE4E4E767D65","鸡蛋","81D8246650BD4208AFD1E9C4AD3D85C8","1012","","鱼类","4f2c1155224b4b9895aa3120f0e7f977","海创园餐厅","fc259240d07046a0bd0393b28def547e","海创园租户","fdf509c584cf409cbbe2d1a499ad3a76","三零三","2018-02-07 17:27:18"
"115","3155cd88b7304d31b0186832cd3429c2","红烧青蟹","40173437BFA54BA3A3FB03F0C305B08B","03011020","","家常菜","ec67794a5d1043688a25ab02257a6b1b","海创园租户","fc259240d07046a0bd0393b28def547e","海创园租户","fdf509c584cf409cbbe2d1a499ad3a76","三零三","2018-02-08 13:37:51"
"116","a21d9933c9cb4c2fa0e388015dde0808","红烧猪爪","18DB851B90034AFC8790A9721E74C8E8","881234","","豆制品1","1","机构名称","101","服务器租户","405fd9efb98e449da64c440d9953f7fe","方小高","2018-03-18 10:27:48"
"117","1423efae9a1746cdad7f7f44ffdfd76a","水煮虾","C13A843A76AF41C3A1DCC6324FDE2F82","031011","","蔬菜","4f2c1155224b4b9895aa3120f0e7f977","海创园餐厅","fc259240d07046a0bd0393b28def547e","海创园租户","67721565ab5d4c0780104f78c56e26d0","king","2018-03-20 10:37:31"
"118","0f7a18a0f7e44cb196fabb74302e6d73","红烧蟾蜍","40173437BFA54BA3A3FB03F0C305B08B","03011021","","家常菜","ec67794a5d1043688a25ab02257a6b1b","海创园租户","fc259240d07046a0bd0393b28def547e","海创园租户","fdf509c584cf409cbbe2d1a499ad3a76","三零三","2018-02-08 13:57:22"
"119","4a334800acb7477eb1129dc0efa574eb","红烧蟾蜍","40173437BFA54BA3A3FB03F0C305B08B","03011021","","家常菜","ec67794a5d1043688a25ab02257a6b1b","海创园租户","fc259240d07046a0bd0393b28def547e","海创园租户","fdf509c584cf409cbbe2d1a499ad3a76","三零三","2018-02-08 14:03:32"
"120","74cf9918094e4d5ab04bcbaa2e0af695","红烧青蛙","40173437BFA54BA3A3FB03F0C305B08B","03011022","","家常菜","ec67794a5d1043688a25ab02257a6b1b","海创园租户","fc259240d07046a0bd0393b28def547e","海创园租户","fdf509c584cf409cbbe2d1a499ad3a76","三零三","2018-02-08 14:05:29"
"121","3571e12901884248a8bb3214973b39bd","红烧青蛙腿的对对对","40173437BFA54BA3A3FB03F0C305B08B","03011021","","家常菜","ec67794a5d1043688a25ab02257a6b1b","海创园租户","fc259240d07046a0bd0393b28def547e","海创园租户","fdf509c584cf409cbbe2d1a499ad3a76","三零三","2018-02-08 16:38:02"
"122","906bcd8400ca4032b96808e6a704f118","紫菜汤","5BFDEE94177B4D779092D5FE83310EC7","518661","","海鲜","2f77af9374a7449eb2d0d3162fc22646","重复点击","101","服务器租户","2a941c7ed04a416caf0b04fc5202d90f","ssl","2018-04-02 11:18:53"
"123","C2DF0FC991E94E32B61EBC0AA658DF7C","大桶料酒","8ECADD5EC42544D79C9681AD27A056C6","8225","10.000000","调配料品类","C69736E3F36C44099ECA09DCE4534522","河北工程大学","123","河北工程大学","","",""
"124","B8BCA04CD57F4314B420DAFA6DBD151F","藤椒油","8ECADD5EC42544D79C9681AD27A056C6","8228","70.000000","调配料品类","C69736E3F36C44099ECA09DCE4534522","河北工程大学","123","河北工程大学","","",""
"125","61B9B9EB0655483BAB2BD2294053FB00","花椒油01","8ECADD5EC42544D79C9681AD27A056C6","8229","70.000000","调配料品类","C69736E3F36C44099ECA09DCE4534522","河北工程大学","123","河北工程大学","","",""
"126","D32D564D26FD4B438A81EC5A1EE658D1","巧媳妇面酱","8ECADD5EC42544D79C9681AD27A056C6","8169","24.000000","调配料品类","C69736E3F36C44099ECA09DCE4534522","河北工程大学","123","河北工程大学","","",""
"127","B25FB2A1622A43B2843D1B098AF1BE08","吉士粉","8ECADD5EC42544D79C9681AD27A056C6","8193","35.000000","调配料品类","C69736E3F36C44099ECA09DCE4534522","河北工程大学","123","河北工程大学","","",""
"128","D5052C79693F49C38F685A53FCAC5E75","百里鲜鸡粉","8ECADD5EC42544D79C9681AD27A056C6","8195","8.500000","调配料品类","C69736E3F36C44099ECA09DCE4534522","河北工程大学","123","河北工程大学","","",""
"129","FB8E3A69A48B446B95EB7ACD737D771B","豆瓣酱01","8ECADD5EC42544D79C9681AD27A056C6","8081","38.000000","调配料品类","C69736E3F36C44099ECA09DCE4534522","河北工程大学","123","河北工程大学","","",""
"130","DCF3485F474A4D529D159E2FC788F9D0","豆瓣酱03","8ECADD5EC42544D79C9681AD27A056C6","8083","105.000000","调配料品类","C69736E3F36C44099ECA09DCE4534522","河北工程大学","123","河北工程大学","","",""
"131","D0C4E60BA4004353BFA90C089884C998","鸡粉01","8ECADD5EC42544D79C9681AD27A056C6","8097","8.500000","调配料品类","C69736E3F36C44099ECA09DCE4534522","河北工程大学","123","河北工程大学","","",""
"132","4EE98AABCFC74136822DAA4FE24FF622","黄豆酱","8ECADD5EC42544D79C9681AD27A056C6","8068","55.000000","调配料品类","C69736E3F36C44099ECA09DCE4534522","河北工程大学","123","河北工程大学","","",""
"133","4927A141F8204225833C98940BDED2CD","海天柱候酱","8ECADD5EC42544D79C9681AD27A056C6","8202","65.000000","调配料品类","C69736E3F36C44099ECA09DCE4534522","河北工程大学","123","河北工程大学","","",""
"134","A41535285A254DD488F0974938745CE1","耗油01","8ECADD5EC42544D79C9681AD27A056C6","8130","33.000000","调配料品类","C69736E3F36C44099ECA09DCE4534522","河北工程大学","123","河北工程大学","","",""
"135","0C2A6F5CEB974C0F9D889231CEFD0CDF","腐乳汁","8ECADD5EC42544D79C9681AD27A056C6","8138","6.000000","调配料品类","C69736E3F36C44099ECA09DCE4534522","河北工程大学","123","河北工程大学","","",""
"136","361D47F7E12249D79FF7885156D109B5","大桶白醋","8ECADD5EC42544D79C9681AD27A056C6","8141","10.000000","调配料品类","C69736E3F36C44099ECA09DCE4534522","河北工程大学","123","河北工程大学","","",""
"137","1FB9200467F341FF9ADEC33DD0048DAB","生抽01","8ECADD5EC42544D79C9681AD27A056C6","8158","16.000000","调配料品类","C69736E3F36C44099ECA09DCE4534522","河北工程大学","123","河北工程大学","","",""
"138","B5D40EC2E11F412888EAE7ADC951613E","萝卜条","8ECADD5EC42544D79C9681AD27A056C6","8109","25.000000","调配料品类","C69736E3F36C44099ECA09DCE4534522","河北工程大学","123","河北工程大学","","",""
"139","A869369D9BDF4E4F9CDEBB2092C08E62","酸豆角01","8ECADD5EC42544D79C9681AD27A056C6","8123","45.000000","调配料品类","C69736E3F36C44099ECA09DCE4534522","河北工程大学","123","河北工程大学","","",""
"140","ECF21458E5CE4F8E8FCF1432F78634BB","酸豆角","8ECADD5EC42544D79C9681AD27A056C6","8045","27.000000","调配料品类","C69736E3F36C44099ECA09DCE4534522","河北工程大学","123","河北工程大学","","",""
"141","9249756FF89A4A6CAED663E3E251597D","秋刀鱼","EEB10506F1C04FF381D7C0921A2AF6D6","0101","","水产类","88a202152f9b468cb707ee06b11692fe","网购餐厅","d21ef566a3f04cbea01de7ef586e3501","dzdzdz","fd77fef3b7d84dcea7e84ef0ca7e1ca5","dongzhe","2018-01-24 13:41:13"
"142","eecf3b8fca3b4ff0bf11c69667fb3a8e","水煮鱼片12","20","0209","","","FD4E24D906524A8D92FF658038007552","测试机构","101","服务器租户","405fd9efb98e449da64c440d9953f7fe","方小高","2018-04-28 14:46:51"
"143","060C2E69265D40F7AFAA68C2EF6AB461","蒸鱼豉油","8ECADD5EC42544D79C9681AD27A056C6","8050","84.000000","调配料品类","C69736E3F36C44099ECA09DCE4534522","河北工程大学","123","河北工程大学","","",""
"144","9145a6cb46544416b01a760b7054f14a","西红柿炒蛋","40173437BFA54BA3A3FB03F0C305B08B","100010","","家常菜","ec67794a5d1043688a25ab02257a6b1b","海创园租户","fc259240d07046a0bd0393b28def547e","海创园租户","fdf509c584cf409cbbe2d1a499ad3a76","三零三","2018-02-06 19:00:14"
"145","24157a6091d24cd5995b8da4ed0a4575","酸辣土豆丝","C13A843A76AF41C3A1DCC6324FDE2F82","100011","","蔬菜","ec67794a5d1043688a25ab02257a6b1b","海创园租户","fc259240d07046a0bd0393b28def547e","海创园租户","fdf509c584cf409cbbe2d1a499ad3a76","三零三","2018-02-06 19:01:17"
"146","d746ded0d547422681f0f1b4dc5cd3a4","花生米","81A0965675FB486EADA791C3756104FC","100013","","aa","ec67794a5d1043688a25ab02257a6b1b","海创园租户","fc259240d07046a0bd0393b28def547e","海创园租户","fdf509c584cf409cbbe2d1a499ad3a76","三零三","2018-02-06 19:03:03"
"147","0594bd963fee46a4a272f6f4950c9ef1","红烧青蟹","40173437BFA54BA3A3FB03F0C305B08B","1020","","家常菜","ec67794a5d1043688a25ab02257a6b1b","海创园租户","fc259240d07046a0bd0393b28def547e","海创园租户","fdf509c584cf409cbbe2d1a499ad3a76","三零三","2018-02-08 10:40:51"
"148","aefe3998b6ca402aa763666ae7c97069","红烧青蛙腿的","40173437BFA54BA3A3FB03F0C305B08B","03011024","","家常菜","FD4E24D906524A8D92FF658038007552","测试机构","101","服务器租户","405fd9efb98e449da64c440d9953f7fe","方小高","2018-02-08 14:21:54"
"149","213142d949004d39889a2ffd08cc9eef","红烧青蛙腿的","40173437BFA54BA3A3FB03F0C305B08B","03011024","","家常菜","ec67794a5d1043688a25ab02257a6b1b","海创园租户","fc259240d07046a0bd0393b28def547e","海创园租户","fdf509c584cf409cbbe2d1a499ad3a76","三零三","2018-02-08 15:06:48"
"150","54ab21dc6f2c485ca5cf63ab25411187","红烧青蛙腿的对对对","40173437BFA54BA3A3FB03F0C305B08B","03011021","","家常菜","ec67794a5d1043688a25ab02257a6b1b","海创园租户","fc259240d07046a0bd0393b28def547e","海创园租户","fdf509c584cf409cbbe2d1a499ad3a76","三零三","2018-02-08 16:39:42"
"151","0c31c8d0bee8464f9a25470a0d1e8e5b","红烧青蛙腿的对对对","40173437BFA54BA3A3FB03F0C305B08B","03011021","","家常菜","ec67794a5d1043688a25ab02257a6b1b","海创园租户","fc259240d07046a0bd0393b28def547e","海创园租户","fdf509c584cf409cbbe2d1a499ad3a76","三零三","2018-02-08 16:47:20"
"152","160c3796e3d64b3b82f78910ce32c4dd","红烧青蛙腿的对对对","40173437BFA54BA3A3FB03F0C305B08B","03011021","","家常菜","ec67794a5d1043688a25ab02257a6b1b","海创园租户","fc259240d07046a0bd0393b28def547e","海创园租户","fdf509c584cf409cbbe2d1a499ad3a76","三零三","2018-02-08 16:54:00"
"153","446c31d77a154e43aba2ab6c6c85c774","红烧青蛙腿的对对对","40173437BFA54BA3A3FB03F0C305B08B","03011021","","家常菜","ec67794a5d1043688a25ab02257a6b1b","海创园租户","fc259240d07046a0bd0393b28def547e","海创园租户","fdf509c584cf409cbbe2d1a499ad3a76","三零三","2018-02-08 17:13:28"
"154","D9EB1F216E8A4A8EB4DB63A9F21B0A53","紫菜25","8A77A47111084BF4BF99E951AF11C80E","CH20180105","30.500000","河虾","1","机构名称","101","服务器租户","","",""
"155","10aa014bb6d04ef48c339dae64c2390f","abc","C13A843A76AF41C3A1DCC6324FDE2F82","031010","","蔬菜","4f2c1155224b4b9895aa3120f0e7f977","海创园餐厅","fc259240d07046a0bd0393b28def547e","海创园租户","67721565ab5d4c0780104f78c56e26d0","king","2018-04-02 18:11:02"
"156","90614A66B97C4BC7AE38D4D76306FBCF","海天生抽","8ECADD5EC42544D79C9681AD27A056C6","8051","90.000000","调配料品类","C69736E3F36C44099ECA09DCE4534522","河北工程大学","123","河北工程大学","","",""
"157","FBA9A1CC2924479FA7402BDF53B3AC85","料酒","8ECADD5EC42544D79C9681AD27A056C6","8059","25.000000","调配料品类","C69736E3F36C44099ECA09DCE4534522","河北工程大学","123","河北工程大学","","",""
"158","0B4C767329B940ED9B3E6D6F7E31BB4A","鸭食管","6CC88B7BC4FF485CA142B862996C9D24","8302","240.000000","冷冻产品类","C69736E3F36C44099ECA09DCE4534522","河北工程大学","123","河北工程大学","","",""
"159","D701215777D440F38C2271FB45D5FEAB","鸭肠","6CC88B7BC4FF485CA142B862996C9D24","8289","125.000000","冷冻产品类","C69736E3F36C44099ECA09DCE4534522","河北工程大学","123","河北工程大学","","",""
"160","751D58A81EA348EE804ED1A7C2118C6F","罗非鱼","6CC88B7BC4FF485CA142B862996C9D24","8291","50.000000","冷冻产品类","C69736E3F36C44099ECA09DCE4534522","河北工程大学","123","河北工程大学","","",""
"161","3F2179D5B05E4CCDA29B98F1F8F7F519","玉米粒05","6CC88B7BC4FF485CA142B862996C9D24","8292","55.000000","冷冻产品类","C69736E3F36C44099ECA09DCE4534522","河北工程大学","123","河北工程大学","","",""
"162","F6DDD2EB09334F5982D9AB687D9CBD86","小熊半嫁蝴蝶肉排","6CC88B7BC4FF485CA142B862996C9D24","8294","66.000000","冷冻产品类","C69736E3F36C44099ECA09DCE4534522","河北工程大学","123","河北工程大学","","",""
"163","8DEA580E73FB453D963A962AF5042C06","大虾","6CC88B7BC4FF485CA142B862996C9D24","8298","130.000000","冷冻产品类","C69736E3F36C44099ECA09DCE4534522","河北工程大学","123","河北工程大学","","",""
"164","1E6EF0D53E55486F9380CA515C901383","小河虾","6CC88B7BC4FF485CA142B862996C9D24","8301","80.000000","冷冻产品类","C69736E3F36C44099ECA09DCE4534522","河北工程大学","123","河北工程大学","","",""
"165","FFC4DBC6B4A64E7E93BC17A8991737EB","双汇三文治","6CC88B7BC4FF485CA142B862996C9D24","8267","90.000000","冷冻产品类","C69736E3F36C44099ECA09DCE4534522","河北工程大学","123","河北工程大学","","",""
"166","CA4D78CA4F66400BB1A02547D736F712","腊肠","6CC88B7BC4FF485CA142B862996C9D24","8268","90.000000","冷冻产品类","C69736E3F36C44099ECA09DCE4534522","河北工程大学","123","河北工程大学","","",""
"167","25EAED524BFA48A5AC7DC91D7CA23355","鸭胸","6CC88B7BC4FF485CA142B862996C9D24","8283","4.750000","冷冻产品类","C69736E3F36C44099ECA09DCE4534522","河北工程大学","123","河北工程大学","","",""
"168","b5b4c454f64140baae19c4839e3aa34c","红烧青蟹","40173437BFA54BA3A3FB03F0C305B08B","1020","","家常菜","ec67794a5d1043688a25ab02257a6b1b","海创园租户","fc259240d07046a0bd0393b28def547e","海创园租户","fdf509c584cf409cbbe2d1a499ad3a76","三零三","2018-02-08 9:26:45"
"169","d02daab6fa384048ade40e0c36635a54","红烧青蟹","40173437BFA54BA3A3FB03F0C305B08B","1020","","家常菜","ec67794a5d1043688a25ab02257a6b1b","海创园租户","fc259240d07046a0bd0393b28def547e","海创园租户","fdf509c584cf409cbbe2d1a499ad3a76","三零三","2018-02-08 9:27:53"
"170","3208DE46DD794BC588371FC249373569","鲫鱼","71AF1B5FC53143B1BC5526D74A30109D","00110","","鱼类","781fa2552efd43a48ec3843f09e68b0b","闲林租户","f6b14e7ad0194467896a7e32ae1a176f","闲林租户","5d168c7757604ef69fe9f488eb0de284","ddd","2018-05-04 17:09:13"
"171","37D00FD110214852909E56DE60F2D87D","带鱼段","6CC88B7BC4FF485CA142B862996C9D24","8284","85.000000","冷冻产品类","C69736E3F36C44099ECA09DCE4534522","河北工程大学","123","河北工程大学","","",""
"172","7B7CA4CB867D4B38A6ACCC44586E3AAB","黄花鱼","6CC88B7BC4FF485CA142B862996C9D24","8285","65.000000","冷冻产品类","C69736E3F36C44099ECA09DCE4534522","河北工程大学","123","河北工程大学","","",""
"173","16F3699456EF4B529287BF5A0BEDDA7B","鸡珍","6CC88B7BC4FF485CA142B862996C9D24","8286","9.000000","冷冻产品类","C69736E3F36C44099ECA09DCE4534522","河北工程大学","123","河北工程大学","","",""
"174","55B64F4652A8431EAF1202C72D085505","清真华清源烤肠","6CC88B7BC4FF485CA142B862996C9D24","8253","132.000000","冷冻产品类","C69736E3F36C44099ECA09DCE4534522","河北工程大学","123","河北工程大学","","",""
"175","DC1957D518EE4DF79048D4B806569925","清真N次方火腿切片","6CC88B7BC4FF485CA142B862996C9D24","8255","135.000000","冷冻产品类","C69736E3F36C44099ECA09DCE4534522","河北工程大学","123","河北工程大学","","",""
"176","9F2465F40C554933B03B110637BF1D61","双汇煎烤旺","6CC88B7BC4FF485CA142B862996C9D24","8256","49.000000","冷冻产品类","C69736E3F36C44099ECA09DCE4534522","河北工程大学","123","河北工程大学","","",""
"177","93B60E8C613E4676BD6B7DBBA49C2B30","清真手抓饼","6CC88B7BC4FF485CA142B862996C9D24","8258","83.000000","冷冻产品类","C69736E3F36C44099ECA09DCE4534522","河北工程大学","123","河北工程大学","","",""
"178","EBBCA6D430AA4CE98BDE0555291CBC31","手抓饼","6CC88B7BC4FF485CA142B862996C9D24","8261","80.000000","冷冻产品类","C69736E3F36C44099ECA09DCE4534522","河北工程大学","123","河北工程大学","","",""
"179","07C9A7E7EA484CAC80E28FA99C6ECDCF","四喜丸子","6CC88B7BC4FF485CA142B862996C9D24","8265","90.000000","冷冻产品类","C69736E3F36C44099ECA09DCE4534522","河北工程大学","123","河北工程大学","","",""
"180","EEDF4F7177414BCF8C6D49C27CE8ACAE","板栗","8ECADD5EC42544D79C9681AD27A056C6","8242","60.000000","调配料品类","C69736E3F36C44099ECA09DCE4534522","河北工程大学","123","河北工程大学","","",""
"181","874E75840FAC43DA95F58BCED27C486E","葱伴侣面酱","8ECADD5EC42544D79C9681AD27A056C6","8243","95.000000","调配料品类","C69736E3F36C44099ECA09DCE4534522","河北工程大学","123","河北工程大学","","",""
"182","88CDADDE66A74B1EB0D617A2C2EB6D36","增运水饺","6CC88B7BC4FF485CA142B862996C9D24","8245","48.000000","冷冻产品类","C69736E3F36C44099ECA09DCE4534522","河北工程大学","123","河北工程大学","","",""
"183","DED49830E0334680B4A5B1BCDDFE987D","歌蕾诗烤肠","6CC88B7BC4FF485CA142B862996C9D24","8246","258.000000","冷冻产品类","C69736E3F36C44099ECA09DCE4534522","河北工程大学","123","河北工程大学","","",""
"184","A5FD98A77C7040A8A9D51A4155FFBAB9","歌蕾诗火腿切片","6CC88B7BC4FF485CA142B862996C9D24","8249","143.000000","冷冻产品类","C69736E3F36C44099ECA09DCE4534522","河北工程大学","123","河北工程大学","","",""
"185","694BE006C4EA40ABA861573E7EA7C6D9","味可特王中王","6CC88B7BC4FF485CA142B862996C9D24","8251","50.000000","冷冻产品类","C69736E3F36C44099ECA09DCE4534522","河北工程大学","123","河北工程大学","","",""
"186","BCA22D0C463549538F675B6041EBD1C3","鸡精04","8ECADD5EC42544D79C9681AD27A056C6","8223","205.000000","调配料品类","C69736E3F36C44099ECA09DCE4534522","河北工程大学","123","河北工程大学","","",""
"187","F2D239B2B0654DC2B34D447278A375E4","牛大碗","8ECADD5EC42544D79C9681AD27A056C6","8224","150.000000","调配料品类","C69736E3F36C44099ECA09DCE4534522","河北工程大学","123","河北工程大学","","",""
"188","1908008691924C01BF976A6972C77B0B","菜籽油","8ECADD5EC42544D79C9681AD27A056C6","8226","","调配料品类","C69736E3F36C44099ECA09DCE4534522","河北工程大学","123","河北工程大学","","",""
"189","D05B51ABE2944B7AB633C3B9BE80C3EE","珍极酱油","8ECADD5EC42544D79C9681AD27A056C6","8238","27.000000","调配料品类","C69736E3F36C44099ECA09DCE4534522","河北工程大学","123","河北工程大学","","",""
"190","B9B93639EF3D45BBA01008F9C8AF847B","珍极米醋","8ECADD5EC42544D79C9681AD27A056C6","8239","27.000000","调配料品类","C69736E3F36C44099ECA09DCE4534522","河北工程大学","123","河北工程大学","","",""
"191","053C65E869274A25AFBDE644F46358AD","厦门拉面","8ECADD5EC42544D79C9681AD27A056C6","8240","20.000000","调配料品类","C69736E3F36C44099ECA09DCE4534522","河北工程大学","123","河北工程大学","","",""
"192","13DBB50150134C09A0FF6F0A24F30718","海天排骨酱","8ECADD5EC42544D79C9681AD27A056C6","8208","90.000000","调配料品类","C69736E3F36C44099ECA09DCE4534522","河北工程大学","123","河北工程大学","","",""
"193","8610451023E24F8CAA4E04EB843340D7","五仁酱丁","8ECADD5EC42544D79C9681AD27A056C6","8209","33.000000","调配料品类","C69736E3F36C44099ECA09DCE4534522","河北工程大学","123","河北工程大学","","",""
"194","5FEB4FD5F2B14DA19D2F5DBF2E35898F","鸡精03","8ECADD5EC42544D79C9681AD27A056C6","8214","160.000000","调配料品类","C69736E3F36C44099ECA09DCE4534522","河北工程大学","123","河北工程大学","","",""
"195","A7B07B4C63354BF59580ABE6A27A5482","陈醋","8ECADD5EC42544D79C9681AD27A056C6","8216","35.000000","调配料品类","C69736E3F36C44099ECA09DCE4534522","河北工程大学","123","河北工程大学","","",""
"196","a2ddb5033597429da783c9ab007ebf87","onePlus","18DB851B90034AFC8790A9721E74C8E8","888558","","豆制品1","1","机构名称","101","服务器租户","405fd9efb98e449da64c440d9953f7fe","方小高","2018-02-05 12:48:27"
"197","DD39227973F6424581230BB60FB9F388","生姜","343AA440C1EA44CDB3596B73F0C1BBA0","1011","","菜类","781fa2552efd43a48ec3843f09e68b0b","闲林租户","f6b14e7ad0194467896a7e32ae1a176f","闲林租户","961c1555c6d94faf8af1c7f8d8394a1c","管理员","2018-04-16 14:00:19"
"198","92F25D1433CD4B45B2C02788C92A1B0C","大老抽","8ECADD5EC42544D79C9681AD27A056C6","8217","52.000000","调配料品类","C69736E3F36C44099ECA09DCE4534522","河北工程大学","123","河北工程大学","","",""
"199","91B93EECA2924501B00B8819E675F2C8","鸡粉02","8ECADD5EC42544D79C9681AD27A056C6","8219","130.000000","调配料品类","C69736E3F36C44099ECA09DCE4534522","河北工程大学","123","河北工程大学","","",""
"200","D05D57D13D374FB3A6BAD674A17C2E5E","雪菜","8ECADD5EC42544D79C9681AD27A056C6","8089","22.000000","调配料品类","C69736E3F36C44099ECA09DCE4534522","河北工程大学","123","河北工程大学","","",""
"201","2A2FFCF19C4F48E1B8119B182C1490ED","泡椒","8ECADD5EC42544D79C9681AD27A056C6","8091","28.000000","调配料品类","C69736E3F36C44099ECA09DCE4534522","河北工程大学","123","河北工程大学","","",""
"202","EF6CF113402E4AAE80E387177586B9D6","酸菜","8ECADD5EC42544D79C9681AD27A056C6","8092","45.000000","调配料品类","C69736E3F36C44099ECA09DCE4534522","河北工程大学","123","河北工程大学","","",""
"203","F896D902489D48DAB92DFCBA6B3A93B6","玉米粒","8ECADD5EC42544D79C9681AD27A056C6","8103","43.000000","调配料品类","C69736E3F36C44099ECA09DCE4534522","河北工程大学","123","河北工程大学","","",""
"204","FF604F4D8810436F9E28607C8BA0D708","榨菜","8ECADD5EC42544D79C9681AD27A056C6","8107","60.000000","调配料品类","C69736E3F36C44099ECA09DCE4534522","河北工程大学","123","河北工程大学","","",""
"205","BADD3D7C5CD94745877E4C9D0BDFFFF8","鸡上腿","6CC88B7BC4FF485CA142B862996C9D24","8280","6.250000","冷冻产品类","C69736E3F36C44099ECA09DCE4534522","河北工程大学","123","河北工程大学","","",""
"206","02E3ACCFCD8446DCBE6F0E0AE6665B56","沙司","8ECADD5EC42544D79C9681AD27A056C6","8184","160.000000","调配料品类","C69736E3F36C44099ECA09DCE4534522","河北工程大学","123","河北工程大学","","",""
"207","CFB48F8C51974B7ABEA715CC16157615","金极鸡精","8ECADD5EC42544D79C9681AD27A056C6","8185","120.000000","调配料品类","C69736E3F36C44099ECA09DCE4534522","河北工程大学","123","河北工程大学","","",""
"208","45176B06155E43BF95449B3B14DF0E16","黄油","8ECADD5EC42544D79C9681AD27A056C6","8191","","调配料品类","C69736E3F36C44099ECA09DCE4534522","河北工程大学","123","河北工程大学","","",""
"209","B2C5932C5D354A1180BE70EE15CC1838","老抽","8ECADD5EC42544D79C9681AD27A056C6","8075","84.000000","调配料品类","C69736E3F36C44099ECA09DCE4534522","河北工程大学","123","河北工程大学","","",""
"210","132A995A728C438B81F6FCE5A0872DFD","生抽02","8ECADD5EC42544D79C9681AD27A056C6","8076","78.000000","调配料品类","C69736E3F36C44099ECA09DCE4534522","河北工程大学","123","河北工程大学","","",""
"211","7880F89DD4D34AA2BA6F3B7712AEFC58","豆沙","8ECADD5EC42544D79C9681AD27A056C6","8077","65.000000","调配料品类","C69736E3F36C44099ECA09DCE4534522","河北工程大学","123","河北工程大学","","",""
"212","4A4BD3B6B2A14AEC928EE4946FDFD3E9","剁椒","8ECADD5EC42544D79C9681AD27A056C6","8171","60.000000","调配料品类","C69736E3F36C44099ECA09DCE4534522","河北工程大学","123","河北工程大学","","",""
"213","75D9288762E64CFA8B1432F227A76DB1","香辣酱","8ECADD5EC42544D79C9681AD27A056C6","8176","113.000000","调配料品类","C69736E3F36C44099ECA09DCE4534522","河北工程大学","123","河北工程大学","","",""
"214","DC47008AF5A84C13B1EE117FA7D0EAA3","香辣酱01","8ECADD5EC42544D79C9681AD27A056C6","8177","165.000000","调配料品类","C69736E3F36C44099ECA09DCE4534522","河北工程大学","123","河北工程大学","","",""
"215","FA11607C5293426D98583FF20AC38EA9","香辣酱02","8ECADD5EC42544D79C9681AD27A056C6","8178","140.000000","调配料品类","C69736E3F36C44099ECA09DCE4534522","河北工程大学","123","河北工程大学","","",""
"216","F2D69FDE9C2349EF9DCC7A7C4F2FB81C","沙茶酱","8ECADD5EC42544D79C9681AD27A056C6","8180","180.000000","调配料品类","C69736E3F36C44099ECA09DCE4534522","河北工程大学","123","河北工程大学","","",""
"217","C7625251370F4A69ADF51B63B8FA8A41","红枣干","8ECADD5EC42544D79C9681AD27A056C6","8183","75.000000","调配料品类","C69736E3F36C44099ECA09DCE4534522","河北工程大学","123","河北工程大学","","",""
"218","45AB1BFF414145BEBA9D92522A7B9000","海天草菇老抽","8ECADD5EC42544D79C9681AD27A056C6","8153","120.000000","调配料品类","C69736E3F36C44099ECA09DCE4534522","河北工程大学","123","河北工程大学","","",""
"219","A0FB914948A14058935FADA650821CA4","味达美","8ECADD5EC42544D79C9681AD27A056C6","8154","25.000000","调配料品类","C69736E3F36C44099ECA09DCE4534522","河北工程大学","123","河北工程大学","","",""
"220","E8132E695547496085DCFFD20DCE0488","辣妹子","8ECADD5EC42544D79C9681AD27A056C6","8155","115.000000","调配料品类","C69736E3F36C44099ECA09DCE4534522","河北工程大学","123","河北工程大学","","",""
"221","4CF83BBEA2DF47CE9AAE4B6E3E817ADD","小伊利家","8ECADD5EC42544D79C9681AD27A056C6","8157","54.000000","调配料品类","C69736E3F36C44099ECA09DCE4534522","河北工程大学","123","河北工程大学","","",""
"222","BA51916CB2DD49D09F54CD9E4256EF3B","干黄酱","8ECADD5EC42544D79C9681AD27A056C6","8159","65.000000","调配料品类","C69736E3F36C44099ECA09DCE4534522","河北工程大学","123","河北工程大学","","",""
"223","73E340CE6497407E8EDCA31E9F0F96DD","清水笋丝","8ECADD5EC42544D79C9681AD27A056C6","8162","67.000000","调配料品类","C69736E3F36C44099ECA09DCE4534522","河北工程大学","123","河北工程大学","","",""
"224","5FBF65E1577649E180EF2F9806DB5155","梅菜笋丝","8ECADD5EC42544D79C9681AD27A056C6","8135","43.000000","调配料品类","C69736E3F36C44099ECA09DCE4534522","河北工程大学","123","河北工程大学","","",""
"225","d8e12d0368f74e599f4d522ef9073932","红烧青蟹","40173437BFA54BA3A3FB03F0C305B08B","1020","","家常菜","ec67794a5d1043688a25ab02257a6b1b","海创园租户","fc259240d07046a0bd0393b28def547e","海创园租户","fdf509c584cf409cbbe2d1a499ad3a76","三零三","2018-02-08 8:55:53"
"226","8d6c65547f5c48d3ac026adb41c037e2","红烧蟾蜍","40173437BFA54BA3A3FB03F0C305B08B","03011021","","家常菜","FD4E24D906524A8D92FF658038007552","测试机构","101","服务器租户","405fd9efb98e449da64c440d9953f7fe","方小高","2018-02-08 13:46:55"
"227","66dd3215dc7240c29ef229f6fcf0e32a","红烧青蛙腿的","40173437BFA54BA3A3FB03F0C305B08B","03011024","","家常菜","ec67794a5d1043688a25ab02257a6b1b","海创园租户","fc259240d07046a0bd0393b28def547e","海创园租户","fdf509c584cf409cbbe2d1a499ad3a76","三零三","2018-02-08 15:31:58"
"228","0bb89c3e7bf64768a1b85617fe7e75a7","清蒸带鱼","40173437BFA54BA3A3FB03F0C305B08B","03011021","","家常菜","ec67794a5d1043688a25ab02257a6b1b","海创园租户","fc259240d07046a0bd0393b28def547e","海创园租户","fdf509c584cf409cbbe2d1a499ad3a76","三零三","2018-02-08 15:44:15"
"229","dd2beb483d0a400daddfed505c6b868c","红烧青蛙腿的对对对","40173437BFA54BA3A3FB03F0C305B08B","03011021","","家常菜","ec67794a5d1043688a25ab02257a6b1b","海创园租户","fc259240d07046a0bd0393b28def547e","海创园租户","fdf509c584cf409cbbe2d1a499ad3a76","三零三","2018-02-08 15:53:21"
"230","62451c5a7b88488d8ccd1edcba799c57","红烧青蛙腿的对对对","40173437BFA54BA3A3FB03F0C305B08B","03011021","","家常菜","ec67794a5d1043688a25ab02257a6b1b","海创园租户","fc259240d07046a0bd0393b28def547e","海创园租户","fdf509c584cf409cbbe2d1a499ad3a76","三零三","2018-02-08 15:55:20"
"231","f0b00cfd4a6648e2a0885337fc851f32","红烧鲫鱼","C13A843A76AF41C3A1DCC6324FDE2F82","031021","","蔬菜","ec67794a5d1043688a25ab02257a6b1b","海创园租户","fc259240d07046a0bd0393b28def547e","海创园租户","fdf509c584cf409cbbe2d1a499ad3a76","三零三","2018-02-08 18:09:15"
"232","e9b142a6c27c4a9ab6a7c835e90ad5db","红烧鲫鱼1","C13A843A76AF41C3A1DCC6324FDE2F82","031021","","蔬菜","ec67794a5d1043688a25ab02257a6b1b","海创园租户","fc259240d07046a0bd0393b28def547e","海创园租户","fdf509c584cf409cbbe2d1a499ad3a76","三零三","2018-02-08 18:10:20"
"233","20833f3449da4e4bacc56aa81214b0f0","红烧青蛙腿的对对对","40173437BFA54BA3A3FB03F0C305B08B","03011029","","家常菜","ec67794a5d1043688a25ab02257a6b1b","海创园租户","fc259240d07046a0bd0393b28def547e","海创园租户","fdf509c584cf409cbbe2d1a499ad3a76","三零三","2018-02-09 10:34:36"
"234","73ce938c1a0349a4b0b2e6640d80721d","红烧青蛙腿的对对对","40173437BFA54BA3A3FB03F0C305B08B","03011029","","家常菜","ec67794a5d1043688a25ab02257a6b1b","海创园租户","fc259240d07046a0bd0393b28def547e","海创园租户","fdf509c584cf409cbbe2d1a499ad3a76","三零三","2018-02-09 10:35:32"
"235","cce5097737a84c43b57798cea4616782","白菜","40173437BFA54BA3A3FB03F0C305B08B","03012021","","家常菜","ec67794a5d1043688a25ab02257a6b1b","海创园租户","fc259240d07046a0bd0393b28def547e","海创园租户","fdf509c584cf409cbbe2d1a499ad3a76","三零三","2018-02-09 11:16:31"
"236","ffa075bffa35406d8a939540cce188f7","青菜","40173437BFA54BA3A3FB03F0C305B08B","03012021","","家常菜","ec67794a5d1043688a25ab02257a6b1b","海创园租户","fc259240d07046a0bd0393b28def547e","海创园租户","fdf509c584cf409cbbe2d1a499ad3a76","三零三","2018-02-09 11:18:43"
"237","AB672D20B4784F6381499CF6BC4ADB98","黄鳝","81D8246650BD4208AFD1E9C4AD3D85C8","1013","","鱼类","4f2c1155224b4b9895aa3120f0e7f977","海创园餐厅","fc259240d07046a0bd0393b28def547e","海创园租户","fdf509c584cf409cbbe2d1a499ad3a76","三零三","2018-02-09 14:52:11"
"238","53544c993a33453b80b9e65d8e15244b","空心菜炒鸡蛋","40173437BFA54BA3A3FB03F0C305B08B","03012022","","家常菜","0","","fc259240d07046a0bd0393b28def547e","海创园租户","df763157fddd428a955674b0498fc8a0","admin","2018-02-09 14:55:48"
"239","c0fe2893371e48fcad385e73e7ae9908","青菜","40173437BFA54BA3A3FB03F0C305B08B","03012021","","家常菜","4f2c1155224b4b9895aa3120f0e7f977","海创园餐厅","fc259240d07046a0bd0393b28def547e","海创园租户","fdf509c584cf409cbbe2d1a499ad3a76","三零三","2018-02-09 15:34:47"
"240","5c0ee93b72924c028dcb2c5b9d8f2427","红烧青蛙腿的对对对","40173437BFA54BA3A3FB03F0C305B08B","03011029","","家常菜","4f2c1155224b4b9895aa3120f0e7f977","海创园餐厅","fc259240d07046a0bd0393b28def547e","海创园租户","fdf509c584cf409cbbe2d1a499ad3a76","三零三","2018-02-09 15:37:22"
"241","CEDAF16B5C7E47B8AD2E22D96B7848E6","大黄豆","08B55B77B2E14F80BD4236041BB1A4AE","12","","电脑","1","机构名称","101","服务器租户","405fd9efb98e449da64c440d9953f7fe","方小高","2018-03-21 20:20:48"
"242","7C3571C0C6F947678493501C98D56251","高丽八宝菜","8ECADD5EC42544D79C9681AD27A056C6","8136","25.000000","调配料品类","C69736E3F36C44099ECA09DCE4534522","河北工程大学","123","河北工程大学","","",""
"243","74F9DC57C6524B39BDF8A25515B6E6FB","丹丹豆瓣酱","8ECADD5EC42544D79C9681AD27A056C6","8139","45.000000","调配料品类","C69736E3F36C44099ECA09DCE4534522","河北工程大学","123","河北工程大学","","",""
"244","D95A7AAAB6D24448B21AC2677E72852B","dadad","516C603C270846C2AFC9EEA31689FFA0","aaa","","豆制品","1","机构名称","101","服务器租户","405fd9efb98e449da64c440d9953f7fe","方小高","2018-01-24 10:36:12"
"245","997ac91667d64f8e9b49fdfb3ee8a185","红烧青蛙腿的对对对","5321E0D0C16849EAA6CEF77CB471F04B","771021","","111111","FD4E24D906524A8D92FF658038007552","测试机构","101","服务器租户","405fd9efb98e449da64c440d9953f7fe","方小高","2018-02-08 17:21:51"
"246","6188E4DE8D7746379AD89B44645C7B6F","大葱","D4C45B33BAFB403D954C9F05259C9BD9","8310","0.700000","蔬菜类","C69736E3F36C44099ECA09DCE4534522","河北工程大学","123","河北工程大学","","",""
"247","dd545ff445224c1f89e38ec59d939ba0","小白菜","C13A843A76AF41C3A1DCC6324FDE2F82","031011","","蔬菜","ec67794a5d1043688a25ab02257a6b1b","海创园租户","fc259240d07046a0bd0393b28def547e","海创园租户","fdf509c584cf409cbbe2d1a499ad3a76","三零三","2018-02-09 10:09:34"
"248","e097d20767404ee795382a412ef63aca","小油菜","40173437BFA54BA3A3FB03F0C305B08B","03012026","","家常菜","ec67794a5d1043688a25ab02257a6b1b","海创园租户","fc259240d07046a0bd0393b28def547e","海创园租户","fdf509c584cf409cbbe2d1a499ad3a76","三零三","2018-02-09 10:14:06"
"249","f3ba1d719a3943f897a267ae81b21d5c","白菜","40173437BFA54BA3A3FB03F0C305B08B","03012021","","家常菜","0","","fc259240d07046a0bd0393b28def547e","海创园租户","df763157fddd428a955674b0498fc8a0","admin","2018-02-09 16:03:46"
"250","572113BC363740279ABBAEF741CCCE2B","苹果","343AA440C1EA44CDB3596B73F0C1BBA0","1021","","菜类","781fa2552efd43a48ec3843f09e68b0b","闲林租户","f6b14e7ad0194467896a7e32ae1a176f","闲林租户","961c1555c6d94faf8af1c7f8d8394a1c","管理员","2018-04-16 14:00:44"
"251","E06E8F1F66474EBF8696792BDC63EC8E","大蒜","D4C45B33BAFB403D954C9F05259C9BD9","8311","2.000000","蔬菜类","C69736E3F36C44099ECA09DCE4534522","河北工程大学","123","河北工程大学","","",""
"252","17D1DD67F29B493E9BB8001997AA55ED","去皮蒜","D4C45B33BAFB403D954C9F05259C9BD9","8312","2.500000","蔬菜类","C69736E3F36C44099ECA09DCE4534522","河北工程大学","123","河北工程大学","","",""
"253","E75BC83A6255441D8CBABC1196C72988","生姜","D4C45B33BAFB403D954C9F05259C9BD9","8313","3.000000","蔬菜类","C69736E3F36C44099ECA09DCE4534522","河北工程大学","123","河北工程大学","","",""
"254","99A28C7081CE44C1BFE1F53448BAD660","清真三黄鸡","6CC88B7BC4FF485CA142B862996C9D24","8300","6.600000","冷冻产品类","C69736E3F36C44099ECA09DCE4534522","河北工程大学","123","河北工程大学","","",""
"255","E682B27485C745AF93FCD223E9BCE76A","白菜","D4C45B33BAFB403D954C9F05259C9BD9","8303","0.600000","蔬菜类","C69736E3F36C44099ECA09DCE4534522","河北工程大学","123","河北工程大学","","",""
"256","7E6CD8DC82D64A9CB9D0D6E25BD371EE","甘蓝","D4C45B33BAFB403D954C9F05259C9BD9","8304","0.950000","蔬菜类","C69736E3F36C44099ECA09DCE4534522","河北工程大学","123","河北工程大学","","",""
"257","4AE39ABBCC4D42E6A2EE494DA8F02A2A","油菜","D4C45B33BAFB403D954C9F05259C9BD9","8305","1.100000","蔬菜类","C69736E3F36C44099ECA09DCE4534522","河北工程大学","123","河北工程大学","","",""
"258","3B6CF57F7F1A4A1897F5C44CA9C150C3","香菜","D4C45B33BAFB403D954C9F05259C9BD9","8306","1.400000","蔬菜类","C69736E3F36C44099ECA09DCE4534522","河北工程大学","123","河北工程大学","","",""
"259","A2B93F5A16304A4E8BB2B4110954D3CF","韭菜","D4C45B33BAFB403D954C9F05259C9BD9","8307","0.700000","蔬菜类","C69736E3F36C44099ECA09DCE4534522","河北工程大学","123","河北工程大学","","",""
"260","5DB52D98C1B6499AB5ADD5A250B4EEA4","鸭翅根","6CC88B7BC4FF485CA142B862996C9D24","8290","3.500000","冷冻产品类","C69736E3F36C44099ECA09DCE4534522","河北工程大学","123","河北工程大学","","",""
"261","2436DE136BB049DEB81D5F449DB08359","去皮鸭胸","6CC88B7BC4FF485CA142B862996C9D24","8293","5.500000","冷冻产品类","C69736E3F36C44099ECA09DCE4534522","河北工程大学","123","河北工程大学","","",""
"262","202CC62851F44899AB7F1B3D95257A1F","好无骨肉","6CC88B7BC4FF485CA142B862996C9D24","8295","6.700000","冷冻产品类","C69736E3F36C44099ECA09DCE4534522","河北工程大学","123","河北工程大学","","",""
"263","143CD133848747F085B98F7A9A31241F","鸭边腿","6CC88B7BC4FF485CA142B862996C9D24","8296","5.000000","冷冻产品类","C69736E3F36C44099ECA09DCE4534522","河北工程大学","123","河北工程大学","","",""
"264","258A25766FD248359271BD4A4AE67D6E","鸡边腿","6CC88B7BC4FF485CA142B862996C9D24","8297","5.500000","冷冻产品类","C69736E3F36C44099ECA09DCE4534522","河北工程大学","123","河北工程大学","","",""
"265","869FF8A1921943DA88C8D0A01A5ACEE8","鸭肝","6CC88B7BC4FF485CA142B862996C9D24","8299","2.000000","冷冻产品类","C69736E3F36C44099ECA09DCE4534522","河北工程大学","123","河北工程大学","","",""
"266","751507952FC045A5B000233E3473AD4A","章鱼丸","6CC88B7BC4FF485CA142B862996C9D24","8247","31.000000","冷冻产品类","C69736E3F36C44099ECA09DCE4534522","河北工程大学","123","河北工程大学","","",""
"267","EDAB1C49B210487D8ED595C2A91DEE3A","墨鱼丸","6CC88B7BC4FF485CA142B862996C9D24","8248","31.000000","冷冻产品类","C69736E3F36C44099ECA09DCE4534522","河北工程大学","123","河北工程大学","","",""
"268","0F3BDB46BF17400F98B52C3ED2181556","果木肠","6CC88B7BC4FF485CA142B862996C9D24","8254","8.500000","冷冻产品类","C69736E3F36C44099ECA09DCE4534522","河北工程大学","123","河北工程大学","","",""
"269","04784FF914A945F1A7F69351B8E0E60C","翅中","6CC88B7BC4FF485CA142B862996C9D24","8287","20.000000","冷冻产品类","C69736E3F36C44099ECA09DCE4534522","河北工程大学","123","河北工程大学","","",""
"270","E19E74D9F1794C47BEE3B24F85A4BEC4","鸭腿","6CC88B7BC4FF485CA142B862996C9D24","8288","5.000000","冷冻产品类","C69736E3F36C44099ECA09DCE4534522","河北工程大学","123","河北工程大学","","",""
"271","6B85A358DAE548A8AB03F32CD236C9BC","皮皮虾","0B25C2F436554BE19967D35CC8DF482A","5000","","海鲜","781fa2552efd43a48ec3843f09e68b0b","闲林租户","f6b14e7ad0194467896a7e32ae1a176f","闲林租户","5d168c7757604ef69fe9f488eb0de284","ddd","2018-05-03 10:55:26"
"272","676DE2B58C2E462F8C78780AD1644386","鸡肝","6CC88B7BC4FF485CA142B862996C9D24","8276","2.000000","冷冻产品类","C69736E3F36C44099ECA09DCE4534522","河北工程大学","123","河北工程大学","","",""
"273","ecc87b33bd6c4e0b81739be50d779d3a","套餐1","C13A843A76AF41C3A1DCC6324FDE2F82","031002","","蔬菜","4f2c1155224b4b9895aa3120f0e7f977","海创园餐厅","fc259240d07046a0bd0393b28def547e","海创园租户","67721565ab5d4c0780104f78c56e26d0","king","2018-02-24 16:58:47"
"274","8d01372125704376ad36738e9a5b4986","水煮鱼片12","81D8246650BD4208AFD1E9C4AD3D85C8","0209","","鱼类","4f2c1155224b4b9895aa3120f0e7f977","海创园餐厅","fc259240d07046a0bd0393b28def547e","海创园租户","67721565ab5d4c0780104f78c56e26d0","king","2018-03-23 10:44:12"
"275","7ba4c40a057e4cb5b6ca58d83208be25","番茄炒蛋","6BE8F8FB880A4902A20E5B9D1AC43D3B","112564","","1213213","2f77af9374a7449eb2d0d3162fc22646","重复点击","101","服务器租户","2a941c7ed04a416caf0b04fc5202d90f","ssl","2018-04-02 15:53:21"
"276","B7777CE6F91542A686BBEAC1FA16571C","鸡脖","6CC88B7BC4FF485CA142B862996C9D24","8277","2.500000","冷冻产品类","C69736E3F36C44099ECA09DCE4534522","河北工程大学","123","河北工程大学","","",""
"277","2B3FE7A5608D4C619F89BB7F3ACD681C","鸡大腿","6CC88B7BC4FF485CA142B862996C9D24","8278","5.800000","冷冻产品类","C69736E3F36C44099ECA09DCE4534522","河北工程大学","123","河北工程大学","","",""
"278","4D5DBDB3ED6D4DFAA0DABF7C3D670FD2","鸡油","6CC88B7BC4FF485CA142B862996C9D24","8279","4.000000","冷冻产品类","C69736E3F36C44099ECA09DCE4534522","河北工程大学","123","河北工程大学","","",""
"279","17F03E0C87E1454CB1855C6B4F8B7963","三黄鸡","6CC88B7BC4FF485CA142B862996C9D24","8281","6.600000","冷冻产品类","C69736E3F36C44099ECA09DCE4534522","河北工程大学","123","河北工程大学","","",""
"280","D447EF6A728C44C0B55A32839605435F","半片鸭","6CC88B7BC4FF485CA142B862996C9D24","8282","4.200000","冷冻产品类","C69736E3F36C44099ECA09DCE4534522","河北工程大学","123","河北工程大学","","",""
"281","4383839F7EEF42A99D8A1061E94BB3E0","鹌鹑蛋","8ECADD5EC42544D79C9681AD27A056C6","8108","8.000000","调配料品类","C69736E3F36C44099ECA09DCE4534522","河北工程大学","123","河北工程大学","","",""
"282","41A88DDB430448F5ABCAB21EF8E5A2E6","无头无尾鸡架","6CC88B7BC4FF485CA142B862996C9D24","8271","1.600000","冷冻产品类","C69736E3F36C44099ECA09DCE4534522","河北工程大学","123","河北工程大学","","",""
"283","F6CB035365794152A0E716BD5970F413","鸡碎肉","6CC88B7BC4FF485CA142B862996C9D24","8272","5.000000","冷冻产品类","C69736E3F36C44099ECA09DCE4534522","河北工程大学","123","河北工程大学","","",""
"284","B430CA29E54A4D8C99DBAD0230E6D609","琵琶腿","6CC88B7BC4FF485CA142B862996C9D24","8273","6.500000","冷冻产品类","C69736E3F36C44099ECA09DCE4534522","河北工程大学","123","河北工程大学","","",""
"285","7670532706E0493FB4E2F2C0B9B0B2F1","干鸡胸","6CC88B7BC4FF485CA142B862996C9D24","8274","7.000000","冷冻产品类","C69736E3F36C44099ECA09DCE4534522","河北工程大学","123","河北工程大学","","",""
"286","14645609F76A4FB993C89A526EA2988E","鸡皮","6CC88B7BC4FF485CA142B862996C9D24","8275","2.500000","冷冻产品类","C69736E3F36C44099ECA09DCE4534522","河北工程大学","123","河北工程大学","","",""
"287","C38B8B46473B4575928ECD8261644D85","干香菇","8ECADD5EC42544D79C9681AD27A056C6","8100","40.000000","调配料品类","C69736E3F36C44099ECA09DCE4534522","河北工程大学","123","河北工程大学","","",""
"288","C2A08A7DA42848FA8B2F4AC3356407CA","香叶","8ECADD5EC42544D79C9681AD27A056C6","8101","12.000000","调配料品类","C69736E3F36C44099ECA09DCE4534522","河北工程大学","123","河北工程大学","","",""
"289","E6AFAAA9E3FC400C8E6FCDA4CE7B7D9E","丁香","8ECADD5EC42544D79C9681AD27A056C6","8102","40.000000","调配料品类","C69736E3F36C44099ECA09DCE4534522","河北工程大学","123","河北工程大学","","",""
"290","D901F00CD0F94149A2A65EDACDBA7662","桂皮","8ECADD5EC42544D79C9681AD27A056C6","8104","12.000000","调配料品类","C69736E3F36C44099ECA09DCE4534522","河北工程大学","123","河北工程大学","","",""
"291","42B5B3A610384B0989F746FECFC3CFCA","孜然面","8ECADD5EC42544D79C9681AD27A056C6","8105","12.000000","调配料品类","C69736E3F36C44099ECA09DCE4534522","河北工程大学","123","河北工程大学","","",""
"292","85547607DB5B483C8BFC6227B837BBCB","木耳","8ECADD5EC42544D79C9681AD27A056C6","8106","36.000000","调配料品类","C69736E3F36C44099ECA09DCE4534522","河北工程大学","123","河北工程大学","","",""
"293","E6917D8AD28343738EB4F290BA99CA3F","红花生米","8ECADD5EC42544D79C9681AD27A056C6","8181","6.000000","调配料品类","C69736E3F36C44099ECA09DCE4534522","河北工程大学","123","河北工程大学","","",""
"294","7E460B9CE028440FA6F6ADDA115EACC1","小红枣","8ECADD5EC42544D79C9681AD27A056C6","8182","4.000000","调配料品类","C69736E3F36C44099ECA09DCE4534522","河北工程大学","123","河北工程大学","","",""
"295","E244203DD77B46EABF78A4A6FBF28431","干辣椒","8ECADD5EC42544D79C9681AD27A056C6","8078","7.000000","调配料品类","C69736E3F36C44099ECA09DCE4534522","河北工程大学","123","河北工程大学","","",""
"296","9D920C20B6484BB18BE6D0472A69D334","虾皮","8ECADD5EC42544D79C9681AD27A056C6","8090","12.000000","调配料品类","C69736E3F36C44099ECA09DCE4534522","河北工程大学","123","河北工程大学","","",""
"297","C4BDBE1B675F4531A02CFAF326E54BB6","白芷","8ECADD5EC42544D79C9681AD27A056C6","8098","12.000000","调配料品类","C69736E3F36C44099ECA09DCE4534522","河北工程大学","123","河北工程大学","","",""
"298","25E7FBE4634845A3B43DFD4A5EEA0171","wahaha","6D864D6D73124E3CB4F8098ED1A28424","wahaha01","","shuican","1","机构名称","101","服务器租户","405fd9efb98e449da64c440d9953f7fe","方小高","2018-01-24 9:48:15"
"299","4624dab2076642b6adc0a9d5b7eb8e69","清蒸小白虾","D5AE49C4E306480194AC7DF293F33F62","02020001","","虾类","ec67794a5d1043688a25ab02257a6b1b","海创园租户","fc259240d07046a0bd0393b28def547e","海创园租户","fdf509c584cf409cbbe2d1a499ad3a76","三零三","2018-01-24 9:49:37"
"300","48f274c6e31a44d0b4c817ca03aa4084","红烧基围虾","D5AE49C4E306480194AC7DF293F33F62","02020002","","虾类","ec67794a5d1043688a25ab02257a6b1b","海创园租户","fc259240d07046a0bd0393b28def547e","海创园租户","fdf509c584cf409cbbe2d1a499ad3a76","三零三","2018-01-24 9:50:36"
"301","c0d160494c274ad591cc10329a5bbc69","油爆皮皮虾","876391628F444B5797A05BEDE25F2DD7","131233","","牛半荤","781fa2552efd43a48ec3843f09e68b0b","闲林租户","f6b14e7ad0194467896a7e32ae1a176f","闲林租户","5d168c7757604ef69fe9f488eb0de284","ddd","2018-05-03 15:58:49"
"302","e3b860b5b7a3406ba6f0a859111f44d5","红烧青蟹","40173437BFA54BA3A3FB03F0C305B08B","1020","","家常菜","FD4E24D906524A8D92FF658038007552","测试机构","101","服务器租户","405fd9efb98e449da64c440d9953f7fe","方小高","2018-02-08 11:25:09"
"303","c3b389a0b9db4e09acfc321db6e2337b","西蓝花","40173437BFA54BA3A3FB03F0C305B08B","03012023","","家常菜","0","","fc259240d07046a0bd0393b28def547e","海创园租户","df763157fddd428a955674b0498fc8a0","admin","2018-02-10 10:39:13"
"304","BE30030A6E1841CA89D769C4461E13D5","土豆","81D8246650BD4208AFD1E9C4AD3D85C8","1005","","鱼类","4f2c1155224b4b9895aa3120f0e7f977","海创园餐厅","fc259240d07046a0bd0393b28def547e","海创园租户","67721565ab5d4c0780104f78c56e26d0","king","2018-04-02 8:54:10"
"305","b9ea0d5d98964ba9985233765d1ab4fc","菜叶","876391628F444B5797A05BEDE25F2DD7","139000","","牛半荤","e3e0015602e54060a8fa59cbbcb06765","五常餐厅","f6b14e7ad0194467896a7e32ae1a176f","闲林租户","961c1555c6d94faf8af1c7f8d8394a1c","管理员","2018-04-16 14:23:03"
"306","F4E62B74BBA94A68A4EE69EE0268E244","草果","8ECADD5EC42544D79C9681AD27A056C6","8099","70.000000","调配料品类","C69736E3F36C44099ECA09DCE4534522","河北工程大学","123","河北工程大学","","",""
"307","736A26351F704B078C87E2A1D7642FBB","干茶树菇","8ECADD5EC42544D79C9681AD27A056C6","8160","40.000000","调配料品类","C69736E3F36C44099ECA09DCE4534522","河北工程大学","123","河北工程大学","","",""
"308","D86838A8382A413EB49112D9AB2E7D1A","圆形榨菜","8ECADD5EC42544D79C9681AD27A056C6","8161","17.000000","调配料品类","C69736E3F36C44099ECA09DCE4534522","河北工程大学","123","河北工程大学","","",""
"309","94B9B3E68FAA4332B9A81B0EC814894D","灯笼椒","8ECADD5EC42544D79C9681AD27A056C6","8163","14.000000","调配料品类","C69736E3F36C44099ECA09DCE4534522","河北工程大学","123","河北工程大学","","",""
"310","E6693F21255E47E0B21A2F70B2681C48","冷面","8ECADD5EC42544D79C9681AD27A056C6","8165","70.000000","调配料品类","C69736E3F36C44099ECA09DCE4534522","河北工程大学","123","河北工程大学","","",""
"311","E2CC375A9AE34AF8AA9AB1A5EA5A3B31","鸭蛋皮蛋","8ECADD5EC42544D79C9681AD27A056C6","8167","9.000000","调配料品类","C69736E3F36C44099ECA09DCE4534522","河北工程大学","123","河北工程大学","","",""
"312","C85D319A7145481EAAAE749505377D8D","红薯淀粉","8ECADD5EC42544D79C9681AD27A056C6","8172","4.500000","调配料品类","C69736E3F36C44099ECA09DCE4534522","河北工程大学","123","河北工程大学","","",""
"313","3154945D65734578B042008CE61CF3B5","黑芝麻","8ECADD5EC42544D79C9681AD27A056C6","8204","10.000000","调配料品类","C69736E3F36C44099ECA09DCE4534522","河北工程大学","123","河北工程大学","","",""
"314","2A108A585347433EA805072F18F43F22","碱面","8ECADD5EC42544D79C9681AD27A056C6","8124","2.000000","调配料品类","C69736E3F36C44099ECA09DCE4534522","河北工程大学","123","河北工程大学","","",""
"315","554231FE24F8438F9A2933052E9E21C4","花生米","8ECADD5EC42544D79C9681AD27A056C6","8131","5.000000","调配料品类","C69736E3F36C44099ECA09DCE4534522","河北工程大学","123","河北工程大学","","",""
"316","B0F86A95C3ED498AA00796771A2EA252","红糖","8ECADD5EC42544D79C9681AD27A056C6","8137","4.500000","调配料品类","C69736E3F36C44099ECA09DCE4534522","河北工程大学","123","河北工程大学","","",""
"317","9A3EAEF69C51430485DEE81EA6D28A0F","冰糖","8ECADD5EC42544D79C9681AD27A056C6","8147","4.500000","调配料品类","C69736E3F36C44099ECA09DCE4534522","河北工程大学","123","河北工程大学","","",""
"318","0FB892AE3C8447458D3F728806636308","辣椒皮","8ECADD5EC42544D79C9681AD27A056C6","8152","10.000000","调配料品类","C69736E3F36C44099ECA09DCE4534522","河北工程大学","123","河北工程大学","","",""
"319","DDB4A84155C044208815DE63815FD8F6","辣椒面","8ECADD5EC42544D79C9681AD27A056C6","8056","6.000000","调配料品类","C69736E3F36C44099ECA09DCE4534522","河北工程大学","123","河北工程大学","","",""
"320","557C478048F5416E9CB2203786DDE162","粉条","8ECADD5EC42544D79C9681AD27A056C6","8058","2.200000","调配料品类","C69736E3F36C44099ECA09DCE4534522","河北工程大学","123","河北工程大学","","",""
"321","B484E3E1A09C4A46A16FB8C91CD3CB34","麻椒","8ECADD5EC42544D79C9681AD27A056C6","8063","48.000000","调配料品类","C69736E3F36C44099ECA09DCE4534522","河北工程大学","123","河北工程大学","","",""
"322","202C2665274942E6AE2504F761CE4946","鸭蛋","8ECADD5EC42544D79C9681AD27A056C6","8199","8.000000","调配料品类","C69736E3F36C44099ECA09DCE4534522","河北工程大学","123","河北工程大学","","",""
"323","E32E4223913B4E3C95766644E183CEB4","银耳","8ECADD5EC42544D79C9681AD27A056C6","8200","35.000000","调配料品类","C69736E3F36C44099ECA09DCE4534522","河北工程大学","123","河北工程大学","","",""
"324","997AADBE176648749670D4490FB0F053","白芝麻","8ECADD5EC42544D79C9681AD27A056C6","8203","8.000000","调配料品类","C69736E3F36C44099ECA09DCE4534522","河北工程大学","123","河北工程大学","","",""
"325","20192F40F8B14D32B1DB2B70C256EC4B","鲫鱼","81D8246650BD4208AFD1E9C4AD3D85C8","1010","","鱼类","ec67794a5d1043688a25ab02257a6b1b","海创园租户","fc259240d07046a0bd0393b28def547e","海创园租户","fdf509c584cf409cbbe2d1a499ad3a76","三零三","2018-01-25 9:56:56"
"326","6E05468D9C03475A81BDB976FA63BE18","肉蔻","8ECADD5EC42544D79C9681AD27A056C6","8041","40.000000","调配料品类","C69736E3F36C44099ECA09DCE4534522","河北工程大学","123","河北工程大学","","",""
"327","8919B0DF7264479F8B95D4C686F81F92","大料","8ECADD5EC42544D79C9681AD27A056C6","8043","16.000000","调配料品类","C69736E3F36C44099ECA09DCE4534522","河北工程大学","123","河北工程大学","","",""
"328","A4E6D6C26F00465682846557F23B52CD","小茴香","8ECADD5EC42544D79C9681AD27A056C6","8044","8.000000","调配料品类","C69736E3F36C44099ECA09DCE4534522","河北工程大学","123","河北工程大学","","",""
"329","26BC7044B195465A9AE7CAF6498E965B","海带","8ECADD5EC42544D79C9681AD27A056C6","8046","32.000000","调配料品类","C69736E3F36C44099ECA09DCE4534522","河北工程大学","123","河北工程大学","","",""
"330","9af82c57832641d58e559616c3f9be0c","红烧青蛙","40173437BFA54BA3A3FB03F0C305B08B","03011022","","家常菜","FD4E24D906524A8D92FF658038007552","测试机构","101","服务器租户","405fd9efb98e449da64c440d9953f7fe","方小高","2018-02-08 14:06:46"
"331","1dd3641cb5154e83b2d330dd1a7e5be7","青菜","40173437BFA54BA3A3FB03F0C305B08B","03012021","","家常菜","0","","fc259240d07046a0bd0393b28def547e","海创园租户","df763157fddd428a955674b0498fc8a0","admin","2018-02-09 11:24:38"
"332","D240E31F0A114700A840746CC031054D","粉皮","8ECADD5EC42544D79C9681AD27A056C6","8047","6.000000","调配料品类","C69736E3F36C44099ECA09DCE4534522","河北工程大学","123","河北工程大学","","",""
"333","192D954F29D149D39D1592B375E5193E","良姜","8ECADD5EC42544D79C9681AD27A056C6","8048","8.000000","调配料品类","C69736E3F36C44099ECA09DCE4534522","河北工程大学","123","河北工程大学","","",""
"334","768AD438B02340B2B925B41142E45EB2","前膀肉","954ECD89A1D847F5B004B196DC3B56FE","8035","7.000000","肉禽类","C69736E3F36C44099ECA09DCE4534522","河北工程大学","123","河北工程大学","","",""
"335","77BCA823E66A4862A00712A4609B9E5E","五花肉掐","954ECD89A1D847F5B004B196DC3B56FE","8036","8.000000","肉禽类","C69736E3F36C44099ECA09DCE4534522","河北工程大学","123","河北工程大学","","",""
"336","100AD6D99C2642138C9CADAB37FC5DD7","瘦肉丝","954ECD89A1D847F5B004B196DC3B56FE","8037","9.500000","肉禽类","C69736E3F36C44099ECA09DCE4534522","河北工程大学","123","河北工程大学","","",""
"337","2E1BF44905264F6CAFF30FB852CE365B","大棒骨","954ECD89A1D847F5B004B196DC3B56FE","8038","5.000000","肉禽类","C69736E3F36C44099ECA09DCE4534522","河北工程大学","123","河北工程大学","","",""
"338","BB66DC6B862D4C478F918006958D2BA4","前后大骨","954ECD89A1D847F5B004B196DC3B56FE","8039","4.000000","肉禽类","C69736E3F36C44099ECA09DCE4534522","河北工程大学","123","河北工程大学","","",""
"339","68AE060751484C8F8C4097CDFE6BF9F7","花椒","8ECADD5EC42544D79C9681AD27A056C6","8040","45.000000","调配料品类","C69736E3F36C44099ECA09DCE4534522","河北工程大学","123","河北工程大学","","",""
"340","C41FB1EC8FAE48B28B0233DA57D8B98F","大油","954ECD89A1D847F5B004B196DC3B56FE","8029","4.000000","肉禽类","C69736E3F36C44099ECA09DCE4534522","河北工程大学","123","河北工程大学","","",""
"341","7DF569073CA641E8BC37EAEF23354AE4","前膀瘦肉","954ECD89A1D847F5B004B196DC3B56FE","8030","9.000000","肉禽类","C69736E3F36C44099ECA09DCE4534522","河北工程大学","123","河北工程大学","","",""
"342","58868C38374A472A97C61892BD5C28F0","3:7肉馅","954ECD89A1D847F5B004B196DC3B56FE","8031","5.000000","肉禽类","C69736E3F36C44099ECA09DCE4534522","河北工程大学","123","河北工程大学","","",""
"343","4A6BC143F8C54C06AB3A81B73DD852D4","肥肉馅","954ECD89A1D847F5B004B196DC3B56FE","8032","4.000000","肉禽类","C69736E3F36C44099ECA09DCE4534522","河北工程大学","123","河北工程大学","","",""
"344","BFE8A75715BF44559396D39F28D56AAE","列排","954ECD89A1D847F5B004B196DC3B56FE","8033","12.000000","肉禽类","C69736E3F36C44099ECA09DCE4534522","河北工程大学","123","河北工程大学","","",""
"345","495EA37842A4430F8E4178CBB9ADA3DB","脊骨","954ECD89A1D847F5B004B196DC3B56FE","8034","6.000000","肉禽类","C69736E3F36C44099ECA09DCE4534522","河北工程大学","123","河北工程大学","","",""
"346","DE7DC43B40034FA0B4E58C94A8E739C7","豆腐泡","715C023DB749487DA9C636E07D050581","8023","4.500000","米面杂粮类","C69736E3F36C44099ECA09DCE4534522","河北工程大学","123","河北工程大学","","",""
"347","C2403CF9EA0C482583BB60271727C3CF","后座","954ECD89A1D847F5B004B196DC3B56FE","8024","8.000000","肉禽类","C69736E3F36C44099ECA09DCE4534522","河北工程大学","123","河北工程大学","","",""
"348","66770782AED84B1AAA12C81A1B32C062","后座瘦肉","954ECD89A1D847F5B004B196DC3B56FE","8025","9.500000","肉禽类","C69736E3F36C44099ECA09DCE4534522","河北工程大学","123","河北工程大学","","",""
"349","5C44C6A606D642D08CCA7CDF06308E4D","五花","954ECD89A1D847F5B004B196DC3B56FE","8026","8.000000","肉禽类","C69736E3F36C44099ECA09DCE4534522","河北工程大学","123","河北工程大学","","",""
"350","1E624A4E06284469AC7AF0C987B28197","排骨","954ECD89A1D847F5B004B196DC3B56FE","8027","9.000000","肉禽类","C69736E3F36C44099ECA09DCE4534522","河北工程大学","123","河北工程大学","","",""
"351","CB676046705A4F51BE0E3016FE5CD9B9","肥肉","954ECD89A1D847F5B004B196DC3B56FE","8028","4.500000","肉禽类","C69736E3F36C44099ECA09DCE4534522","河北工程大学","123","河北工程大学","","",""
"352","73C41959F26D4459A4C05178BE59A55C","芽菜","8ECADD5EC42544D79C9681AD27A056C6","8134","40.000000","调配料品类","C69736E3F36C44099ECA09DCE4534522","河北工程大学","123","河北工程大学","","",""
"353","BFC248E455B742788C6FA9AA59D9BBC0","黄酒","8ECADD5EC42544D79C9681AD27A056C6","8060","48.000000","调配料品类","C69736E3F36C44099ECA09DCE4534522","河北工程大学","123","河北工程大学","","",""
"354","4FFEACE6F54644D5AD9C364F122C9875","白醋","8ECADD5EC42544D79C9681AD27A056C6","8061","25.000000","调配料品类","C69736E3F36C44099ECA09DCE4534522","河北工程大学","123","河北工程大学","","",""
"355","D2DD1D330D6D4D42A4717012378FD1CD","海带丝","8ECADD5EC42544D79C9681AD27A056C6","8065","9.000000","调配料品类","C69736E3F36C44099ECA09DCE4534522","河北工程大学","123","河北工程大学","","",""
"356","A5F742ABFDF744BEB1EDF46B996701DC","辣白菜","8ECADD5EC42544D79C9681AD27A056C6","8069","20.000000","调配料品类","C69736E3F36C44099ECA09DCE4534522","河北工程大学","123","河北工程大学","","",""
"357","05D0A923807147099F699886B0547604","芥菜丝","8ECADD5EC42544D79C9681AD27A056C6","8070","20.000000","调配料品类","C69736E3F36C44099ECA09DCE4534522","河北工程大学","123","河北工程大学","","",""
"358","5EB837B83B914B7FA3BAE827EED544F1","海带扣","8ECADD5EC42544D79C9681AD27A056C6","8072","16.000000","调配料品类","C69736E3F36C44099ECA09DCE4534522","河北工程大学","123","河北工程大学","","",""
"359","ECF758C01D4A481582F7969F5EAE2947","鲜奶","8ECADD5EC42544D79C9681AD27A056C6","8190","","调配料品类","C69736E3F36C44099ECA09DCE4534522","河北工程大学","123","河北工程大学","","",""
"360","0D0A5055F4DA49238479FA873BC52A13","豆瓣酱02","8ECADD5EC42544D79C9681AD27A056C6","8082","65.000000","调配料品类","C69736E3F36C44099ECA09DCE4534522","河北工程大学","123","河北工程大学","","",""
"361","41883DA1A10642D6BF2A8D35F5C03CBF","咖喱砖","8ECADD5EC42544D79C9681AD27A056C6","8221","15.000000","调配料品类","C69736E3F36C44099ECA09DCE4534522","河北工程大学","123","河北工程大学","","",""
"362","53CC199E4C614E79A3BF3723455B1F36","十三香","8ECADD5EC42544D79C9681AD27A056C6","8112","23.000000","调配料品类","C69736E3F36C44099ECA09DCE4534522","河北工程大学","123","河北工程大学","","",""
"363","7FE32D3C42514426B26078AFFE690A36","炖肉料","8ECADD5EC42544D79C9681AD27A056C6","8074","13.000000","调配料品类","C69736E3F36C44099ECA09DCE4534522","河北工程大学","123","河北工程大学","","",""
"364","750DB3488EDD4D188049DFD15D69C3B1","海带丝01","8ECADD5EC42544D79C9681AD27A056C6","8148","54.000000","调配料品类","C69736E3F36C44099ECA09DCE4534522","河北工程大学","123","河北工程大学","","",""
"365","D03D69BCB7374A28B2EDB8FB3C778C9D","海鲜酱01","8ECADD5EC42544D79C9681AD27A056C6","8120","8.000000","调配料品类","C69736E3F36C44099ECA09DCE4534522","河北工程大学","123","河北工程大学","","",""
"366","2249079C8A4649FBAB36060987EA7EEB","白醋01","8ECADD5EC42544D79C9681AD27A056C6","8062","3.000000","调配料品类","C69736E3F36C44099ECA09DCE4534522","河北工程大学","123","河北工程大学","","",""
"367","D8ABB0E0753A4F84A08EEF1888F516A6","海天料酒","8ECADD5EC42544D79C9681AD27A056C6","8071","6.000000","调配料品类","C69736E3F36C44099ECA09DCE4534522","河北工程大学","123","河北工程大学","","",""
"368","63351D0C38674B40B5A80C08E1F786A0","耗油","8ECADD5EC42544D79C9681AD27A056C6","8129","6.000000","调配料品类","C69736E3F36C44099ECA09DCE4534522","河北工程大学","123","河北工程大学","","",""
"369","EA3F3AF910B74E1B90E0253ECCF8AC64","老干妈","8ECADD5EC42544D79C9681AD27A056C6","8151","7.000000","调配料品类","C69736E3F36C44099ECA09DCE4534522","河北工程大学","123","河北工程大学","","",""
"370","3BE1009100D24BF9B603DFCA0A518172","辣妹子01","8ECADD5EC42544D79C9681AD27A056C6","8156","5.000000","调配料品类","C69736E3F36C44099ECA09DCE4534522","河北工程大学","123","河北工程大学","","",""
"371","388C581C8DEB44FEBDA81BA2E3B30D16","黄椒酱","8ECADD5EC42544D79C9681AD27A056C6","8241","10.000000","调配料品类","C69736E3F36C44099ECA09DCE4534522","河北工程大学","123","河北工程大学","","",""
"372","66AF4F4954E648C88E9EBDF51199D8B6","芥末油","8ECADD5EC42544D79C9681AD27A056C6","8166","4.000000","调配料品类","C69736E3F36C44099ECA09DCE4534522","河北工程大学","123","河北工程大学","","",""
"373","024A2DEF47FB4AC590B2B677C59940AF","花椒油","8ECADD5EC42544D79C9681AD27A056C6","8168","10.000000","调配料品类","C69736E3F36C44099ECA09DCE4534522","河北工程大学","123","河北工程大学","","",""
"374","6907052D24134BD090AC855AED04E215","干锅油","8ECADD5EC42544D79C9681AD27A056C6","8186","13.000000","调配料品类","C69736E3F36C44099ECA09DCE4534522","河北工程大学","123","河北工程大学","","",""
"375","F632ECFB556B4EB4A22DDAB3FFED35E0","鸡汁","8ECADD5EC42544D79C9681AD27A056C6","8080","15.000000","调配料品类","C69736E3F36C44099ECA09DCE4534522","河北工程大学","123","河北工程大学","","",""
"376","798067A7E9034C85805F567AE9B92673","橙汁","8ECADD5EC42544D79C9681AD27A056C6","8084","12.000000","调配料品类","C69736E3F36C44099ECA09DCE4534522","河北工程大学","123","河北工程大学","","",""
"377","E9CAF81ED8DC46E78B9B66AE89D514BF","鸡酱","8ECADD5EC42544D79C9681AD27A056C6","8220","7.000000","调配料品类","C69736E3F36C44099ECA09DCE4534522","河北工程大学","123","河北工程大学","","",""
"378","1E5FB8FC0D584FEE8C18E1B50ACE3202","细米线","8ECADD5EC42544D79C9681AD27A056C6","8144","15.000000","调配料品类","C69736E3F36C44099ECA09DCE4534522","河北工程大学","123","河北工程大学","","",""
"379","D5A9AE223B0747E7AF99AFDB0A13EC66","土豆粉","8ECADD5EC42544D79C9681AD27A056C6","8149","30.000000","调配料品类","C69736E3F36C44099ECA09DCE4534522","河北工程大学","123","河北工程大学","","",""
"380","3D9B48D4488A4732BC081C49A54B24AB","干米线","8ECADD5EC42544D79C9681AD27A056C6","8150","15.000000","调配料品类","C69736E3F36C44099ECA09DCE4534522","河北工程大学","123","河北工程大学","","",""
"381","9D21E1501A744965887D8D82920A655F","木曹粉","8ECADD5EC42544D79C9681AD27A056C6","8173","215.000000","调配料品类","C69736E3F36C44099ECA09DCE4534522","河北工程大学","123","河北工程大学","","",""
"382","50EF791E297349A7B892F44FBDD66C20","细粉丝","8ECADD5EC42544D79C9681AD27A056C6","8179","54.000000","调配料品类","C69736E3F36C44099ECA09DCE4534522","河北工程大学","123","河北工程大学","","",""
"383","9178AF1F09174C57B5E4DB075D510988","宽粉","8ECADD5EC42544D79C9681AD27A056C6","8206","22.000000","调配料品类","C69736E3F36C44099ECA09DCE4534522","河北工程大学","123","河北工程大学","","",""
"384","D98A1C1BE8104FA8B33DED0899A888F4","酸辣粉","8ECADD5EC42544D79C9681AD27A056C6","8207","140.000000","调配料品类","C69736E3F36C44099ECA09DCE4534522","河北工程大学","123","河北工程大学","","",""
"385","1E24FC18DA4D465CB1C7B373584774B6","葡萄干","8ECADD5EC42544D79C9681AD27A056C6","8211","12.000000","调配料品类","C69736E3F36C44099ECA09DCE4534522","河北工程大学","123","河北工程大学","","",""
"386","A6F75850A9524FB0BB89BBEBA07763CD","粗米线","8ECADD5EC42544D79C9681AD27A056C6","8215","275.000000","调配料品类","C69736E3F36C44099ECA09DCE4534522","河北工程大学","123","河北工程大学","","",""
"387","0FF727A40A0547F9907768DA372348B6","外婆菜","8ECADD5EC42544D79C9681AD27A056C6","8231","25.000000","调配料品类","C69736E3F36C44099ECA09DCE4534522","河北工程大学","123","河北工程大学","","",""
"388","38BB8E96BCCA4FA49B921729CA780663","桂林米粉","8ECADD5EC42544D79C9681AD27A056C6","8244","150.000000","调配料品类","C69736E3F36C44099ECA09DCE4534522","河北工程大学","123","河北工程大学","","",""
"389","C6EC150598C64BACACD2AAE0258A3D73","千页豆腐","6CC88B7BC4FF485CA142B862996C9D24","8263","80.000000","冷冻产品类","C69736E3F36C44099ECA09DCE4534522","河北工程大学","123","河北工程大学","","",""
"390","E6765CD650BA44768F0EB43ACC70B9A1","腐竹","8ECADD5EC42544D79C9681AD27A056C6","8114","35.000000","调配料品类","C69736E3F36C44099ECA09DCE4534522","河北工程大学","123","河北工程大学","","",""
"391","1D6394C8FEE64DA38D259E71FF589D2B","生粉","8ECADD5EC42544D79C9681AD27A056C6","8117","215.000000","调配料品类","C69736E3F36C44099ECA09DCE4534522","河北工程大学","123","河北工程大学","","",""
"392","2971FCDD03174C51936518FD1EFA8AFF","咖喱粉","8ECADD5EC42544D79C9681AD27A056C6","8118","10.000000","调配料品类","C69736E3F36C44099ECA09DCE4534522","河北工程大学","123","河北工程大学","","",""
"393","36BBD4308FB348298C9424BECD8B7A32","黑胡椒酱","8ECADD5EC42544D79C9681AD27A056C6","8121","15.000000","调配料品类","C69736E3F36C44099ECA09DCE4534522","河北工程大学","123","河北工程大学","","",""
"394","85078370524047919D1A63737F39D60B","豆豉 ","8ECADD5EC42544D79C9681AD27A056C6","8042","3.500000","调配料品类","C69736E3F36C44099ECA09DCE4534522","河北工程大学","123","河北工程大学","","",""
"395","3D1396F0E15B443DB4D1BA655AB225E8","粉丝","8ECADD5EC42544D79C9681AD27A056C6","8049","55.000000","调配料品类","C69736E3F36C44099ECA09DCE4534522","河北工程大学","123","河北工程大学","","",""
"396","4C50B847BD3641338B7EA415BAF08944","调理鸭胸","6CC88B7BC4FF485CA142B862996C9D24","8259","33.500000","冷冻产品类","C69736E3F36C44099ECA09DCE4534522","河北工程大学","123","河北工程大学","","",""
"397","D4BD80069B4441CDBF5E1D494B7B1E64","调理鸡块","6CC88B7BC4FF485CA142B862996C9D24","8260","11.300000","冷冻产品类","C69736E3F36C44099ECA09DCE4534522","河北工程大学","123","河北工程大学","","",""
"398","1C8071329B6B458E8B363E2D758B113C","千页豆腐01","6CC88B7BC4FF485CA142B862996C9D24","8264","19.000000","冷冻产品类","C69736E3F36C44099ECA09DCE4534522","河北工程大学","123","河北工程大学","","",""
"399","07171BE8A11E48AEB1B2672567186B35","四喜丸子01","6CC88B7BC4FF485CA142B862996C9D24","8266","95.000000","冷冻产品类","C69736E3F36C44099ECA09DCE4534522","河北工程大学","123","河北工程大学","","",""
"400","E8239EA5F6164313926D842C7561183C","脆皮蛋卷","6CC88B7BC4FF485CA142B862996C9D24","8269","31.000000","冷冻产品类","C69736E3F36C44099ECA09DCE4534522","河北工程大学","123","河北工程大学","","",""
"401","77962FC794BC4CAEA7FE52F3066DF851","脆骨丸子","6CC88B7BC4FF485CA142B862996C9D24","8270","31.000000","冷冻产品类","C69736E3F36C44099ECA09DCE4534522","河北工程大学","123","河北工程大学","","",""
"402","DEE95A67234E4E969EF285BA7A8FD528","奥尔良","8ECADD5EC42544D79C9681AD27A056C6","8235","20.000000","调配料品类","C69736E3F36C44099ECA09DCE4534522","河北工程大学","123","河北工程大学","","",""
"403","2C19F387C20848D1AAC7911DECD31DC6","胡椒粉01","8ECADD5EC42544D79C9681AD27A056C6","8236","6.000000","调配料品类","C69736E3F36C44099ECA09DCE4534522","河北工程大学","123","河北工程大学","","",""
"404","C0522E49D29945F1B6F2A3A84C88FB24","黄豆酱01","8ECADD5EC42544D79C9681AD27A056C6","8237","100.000000","调配料品类","C69736E3F36C44099ECA09DCE4534522","河北工程大学","123","河北工程大学","","",""
"405","955F5C1180D7472DAA453B24CAF04892","麻辣香包","6CC88B7BC4FF485CA142B862996C9D24","8250","31.000000","冷冻产品类","C69736E3F36C44099ECA09DCE4534522","河北工程大学","123","河北工程大学","","",""
"406","15A0989940A043B884B43D9E4134CA1A","芝麻鸡柳","6CC88B7BC4FF485CA142B862996C9D24","8252","125.000000","冷冻产品类","C69736E3F36C44099ECA09DCE4534522","河北工程大学","123","河北工程大学","","",""
"407","BCFAF4FB5B2F49A4A503DDDB01CFB86B","牛肉丸子","6CC88B7BC4FF485CA142B862996C9D24","8257","90.000000","冷冻产品类","C69736E3F36C44099ECA09DCE4534522","河北工程大学","123","河北工程大学","","",""
"408","CF4C02FAD9B44FD0A4D86734855F9C99","鸡精01","8ECADD5EC42544D79C9681AD27A056C6","8094","16.000000","调配料品类","C69736E3F36C44099ECA09DCE4534522","河北工程大学","123","河北工程大学","","",""
"409","c038046038574b38a2420c0872b71d55","红烧青蛙腿的对对对","40173437BFA54BA3A3FB03F0C305B08B","03011029","","家常菜","1683f569ecd7485ea9559a1c11fa5b26","五常餐厅","fc259240d07046a0bd0393b28def547e","海创园租户","67721565ab5d4c0780104f78c56e26d0","king","2018-05-28 16:54:39"
"410","47a63263db1b49d69278d02d8d3c4113","大虾","28F4604F9D694A249CB40B32E8F3F83A","00021202","","虾类","1683f569ecd7485ea9559a1c11fa5b26","五常餐厅","fc259240d07046a0bd0393b28def547e","海创园租户","67721565ab5d4c0780104f78c56e26d0","king","2018-05-28 16:54:40"
"411","9064347b319b4ae2a0f75e7bdbc85188","素菜套餐","C13A843A76AF41C3A1DCC6324FDE2F82","031305","","蔬菜","1683f569ecd7485ea9559a1c11fa5b26","五常餐厅","fc259240d07046a0bd0393b28def547e","海创园租户","67721565ab5d4c0780104f78c56e26d0","king","2018-05-28 16:54:40"
"412","1989cb3826e2424d82d4e0120844c7fd","水煮虾","C13A843A76AF41C3A1DCC6324FDE2F82","031011","","蔬菜","1683f569ecd7485ea9559a1c11fa5b26","五常餐厅","fc259240d07046a0bd0393b28def547e","海创园租户","67721565ab5d4c0780104f78c56e26d0","king","2018-05-28 16:54:40"
"413","d0a3af2d5ad74fb08be39b90350d644e","水煮鱼片12","81D8246650BD4208AFD1E9C4AD3D85C8","00010209","","鱼类","1683f569ecd7485ea9559a1c11fa5b26","五常餐厅","fc259240d07046a0bd0393b28def547e","海创园租户","67721565ab5d4c0780104f78c56e26d0","king","2018-05-28 16:54:40"
"414","DF1FCA580C4B43C0973784B9E1E3D6D3","鸡精02","8ECADD5EC42544D79C9681AD27A056C6","8095","24.000000","调配料品类","C69736E3F36C44099ECA09DCE4534522","河北工程大学","123","河北工程大学","","",""
"415","E8F031CC16BC4F5DA4AEDC3358A53AD1","鸡粉","8ECADD5EC42544D79C9681AD27A056C6","8096","25.000000","调配料品类","C69736E3F36C44099ECA09DCE4534522","河北工程大学","123","河北工程大学","","",""
"416","18CBE0A81597467BBBCA121370F9D0A9","大桥鲜味王","8ECADD5EC42544D79C9681AD27A056C6","8213","","调配料品类","C69736E3F36C44099ECA09DCE4534522","河北工程大学","123","河北工程大学","","",""
"417","487BBA0B8880425B9D50D3F09ADB2119","淀粉","8ECADD5EC42544D79C9681AD27A056C6","8218","67.000000","调配料品类","C69736E3F36C44099ECA09DCE4534522","河北工程大学","123","河北工程大学","","",""
"418","20211DB641C74A5AB136C701176E5866","太太乐鲜味宝","8ECADD5EC42544D79C9681AD27A056C6","8227","","调配料品类","C69736E3F36C44099ECA09DCE4534522","河北工程大学","123","河北工程大学","","",""
"419","04F23B5B3ACF4B1BA5C7CAC8C23A7EF1","粉芡","8ECADD5EC42544D79C9681AD27A056C6","8079","70.000000","调配料品类","C69736E3F36C44099ECA09DCE4534522","河北工程大学","123","河北工程大学","","",""
"420","DB2184B595364D36BB7FFAC1DC8B4FF7","味精","8ECADD5EC42544D79C9681AD27A056C6","8085","22.000000","调配料品类","C69736E3F36C44099ECA09DCE4534522","河北工程大学","123","河北工程大学","","",""
"421","9B09FAF6EC3644DDABF6D904B5C30E95","味精01","8ECADD5EC42544D79C9681AD27A056C6","8086","200.000000","调配料品类","C69736E3F36C44099ECA09DCE4534522","河北工程大学","123","河北工程大学","","",""
"422","7E79490A65F34DB08280E0F8D82187CC","白绵糖","8ECADD5EC42544D79C9681AD27A056C6","8087","350.000000","调配料品类","C69736E3F36C44099ECA09DCE4534522","河北工程大学","123","河北工程大学","","",""
"423","0A3129E0A57D401A9C4561561110F6EF","白沙糖","8ECADD5EC42544D79C9681AD27A056C6","8088","350.000000","调配料品类","C69736E3F36C44099ECA09DCE4534522","河北工程大学","123","河北工程大学","","",""
"424","2F81070394B5464CA8289E8D8C4ACA17","鸡精","8ECADD5EC42544D79C9681AD27A056C6","8093","125.000000","调配料品类","C69736E3F36C44099ECA09DCE4534522","河北工程大学","123","河北工程大学","","",""
"425","3D4147AB350C45678EAEE67CC1B1A44E","面包改良剂","8ECADD5EC42544D79C9681AD27A056C6","8187","18.000000","调配料品类","C69736E3F36C44099ECA09DCE4534522","河北工程大学","123","河北工程大学","","",""
"426","FF23E2825CD94C5897C0C0D8DC529921","面包糠","8ECADD5EC42544D79C9681AD27A056C6","8188","7.000000","调配料品类","C69736E3F36C44099ECA09DCE4534522","河北工程大学","123","河北工程大学","","",""
"427","3B77489DF38C41DCA02C7040CBB18C3B","面包粉","8ECADD5EC42544D79C9681AD27A056C6","8189","","调配料品类","C69736E3F36C44099ECA09DCE4534522","河北工程大学","123","河北工程大学","","",""
"428","AC2572230A124C6D9DD9DF5089E00261","小米椒01","D4C45B33BAFB403D954C9F05259C9BD9","8350","7.000000","蔬菜类","C69736E3F36C44099ECA09DCE4534522","河北工程大学","123","河北工程大学","","",""
"429","89D62FE6DCF74164BBAC853F2C084C7A","苦菊","D4C45B33BAFB403D954C9F05259C9BD9","8351","3.000000","蔬菜类","C69736E3F36C44099ECA09DCE4534522","河北工程大学","123","河北工程大学","","",""
"430","55AB0D5026B74727A4A6ADCC0ED17E32","西兰花","D4C45B33BAFB403D954C9F05259C9BD9","8352","4.500000","蔬菜类","C69736E3F36C44099ECA09DCE4534522","河北工程大学","123","河北工程大学","","",""
"431","EE717A9799DE45CFA42236479B87EF06","香菇","D4C45B33BAFB403D954C9F05259C9BD9","8344","5.500000","蔬菜类","C69736E3F36C44099ECA09DCE4534522","河北工程大学","123","河北工程大学","","",""
"432","02B72CEE50A249278FC9C9DEDF1C222D","红尖椒","D4C45B33BAFB403D954C9F05259C9BD9","8345","4.000000","蔬菜类","C69736E3F36C44099ECA09DCE4534522","河北工程大学","123","河北工程大学","","",""
"433","15F3DAEE8CE3471F813E3B8780506AD7","金针菇","D4C45B33BAFB403D954C9F05259C9BD9","8346","2.500000","蔬菜类","C69736E3F36C44099ECA09DCE4534522","河北工程大学","123","河北工程大学","","",""
"434","7C6ADDDF14584298B85778A1A5C045E6","娃娃菜","D4C45B33BAFB403D954C9F05259C9BD9","8347","4.000000","蔬菜类","C69736E3F36C44099ECA09DCE4534522","河北工程大学","123","河北工程大学","","",""
"435","17063F0E7A2A408E9809A57290F50BF3","香葱","D4C45B33BAFB403D954C9F05259C9BD9","8348","2.500000","蔬菜类","C69736E3F36C44099ECA09DCE4534522","河北工程大学","123","河北工程大学","","",""
"436","FA99D1C1BEDB4F7FB5160D087A66DC93","杏鲍菇","D4C45B33BAFB403D954C9F05259C9BD9","8349","2.000000","蔬菜类","C69736E3F36C44099ECA09DCE4534522","河北工程大学","123","河北工程大学","","",""
"437","56C78DC08B4A4B92B8C803F7D4B5F52B","小白菜","D4C45B33BAFB403D954C9F05259C9BD9","8338","1.000000","蔬菜类","C69736E3F36C44099ECA09DCE4534522","河北工程大学","123","河北工程大学","","",""
"438","60D7A80B1CF54600A21D2C07A4F063EF","苦瓜","D4C45B33BAFB403D954C9F05259C9BD9","8339","1.000000","蔬菜类","C69736E3F36C44099ECA09DCE4534522","河北工程大学","123","河北工程大学","","",""
"439","34B136BD53C6451EA0D7996A2AB3AE55","青笋","D4C45B33BAFB403D954C9F05259C9BD9","8340","3.000000","蔬菜类","C69736E3F36C44099ECA09DCE4534522","河北工程大学","123","河北工程大学","","",""
"440","654B663090C441F6B1E7B83902BDF5EF","有机菜花","D4C45B33BAFB403D954C9F05259C9BD9","8341","2.000000","蔬菜类","C69736E3F36C44099ECA09DCE4534522","河北工程大学","123","河北工程大学","","",""
"441","9685248EDE98475DAB4704E33B915B46","蒜黄","D4C45B33BAFB403D954C9F05259C9BD9","8342","1.000000","蔬菜类","C69736E3F36C44099ECA09DCE4534522","河北工程大学","123","河北工程大学","","",""
"442","C7DD65BDF554465CA4F89D9DB5722687","南瓜","D4C45B33BAFB403D954C9F05259C9BD9","8343","2.200000","蔬菜类","C69736E3F36C44099ECA09DCE4534522","河北工程大学","123","河北工程大学","","",""
"443","0A6DF2ABDBFE4EF5A3A723FB41324D09","莲藕","D4C45B33BAFB403D954C9F05259C9BD9","8332","1.500000","蔬菜类","C69736E3F36C44099ECA09DCE4534522","河北工程大学","123","河北工程大学","","",""
"444","4D155942F7324248BB48B92EFD374A64","油麦","D4C45B33BAFB403D954C9F05259C9BD9","8333","1.500000","蔬菜类","C69736E3F36C44099ECA09DCE4534522","河北工程大学","123","河北工程大学","","",""
"445","75475BDB5DD94BA5ABE4E6EDFBA720AF","茼蒿01","D4C45B33BAFB403D954C9F05259C9BD9","8334","2.000000","蔬菜类","C69736E3F36C44099ECA09DCE4534522","河北工程大学","123","河北工程大学","","",""
"446","A99FCE8A374A44A6974E430A63E85CAD","生菜01","D4C45B33BAFB403D954C9F05259C9BD9","8335","1.500000","蔬菜类","C69736E3F36C44099ECA09DCE4534522","河北工程大学","123","河北工程大学","","",""
"447","ED5E08071DDA4BCFAFC015E3E4E48E37","菜豇","D4C45B33BAFB403D954C9F05259C9BD9","8336","3.900000","蔬菜类","C69736E3F36C44099ECA09DCE4534522","河北工程大学","123","河北工程大学","","",""
"448","535C79B4358A434FBB0E525773F22477","茴香苗","D4C45B33BAFB403D954C9F05259C9BD9","8337","1.700000","蔬菜类","C69736E3F36C44099ECA09DCE4534522","河北工程大学","123","河北工程大学","","",""
"449","BBE46BAB02E149069ED5E75E51C8AD85","红萝卜","D4C45B33BAFB403D954C9F05259C9BD9","8326","1.300000","蔬菜类","C69736E3F36C44099ECA09DCE4534522","河北工程大学","123","河北工程大学","","",""
"450","DB5F1C3627B2416EAB721B4E975AACF8","蘑菇","D4C45B33BAFB403D954C9F05259C9BD9","8327","2.000000","蔬菜类","C69736E3F36C44099ECA09DCE4534522","河北工程大学","123","河北工程大学","","",""
"451","CA2C111A851C4FB6BC2F6510E7DABFE2","蒜苗","D4C45B33BAFB403D954C9F05259C9BD9","8328","0.700000","蔬菜类","C69736E3F36C44099ECA09DCE4534522","河北工程大学","123","河北工程大学","","",""
"452","C873D29747EF4E16B0717D2216AD6A84","线椒","D4C45B33BAFB403D954C9F05259C9BD9","8329","3.500000","蔬菜类","C69736E3F36C44099ECA09DCE4534522","河北工程大学","123","河北工程大学","","",""
"453","06AA3029E03E41E28113825FDEED7274","空心菜","D4C45B33BAFB403D954C9F05259C9BD9","8330","1.500000","蔬菜类","C69736E3F36C44099ECA09DCE4534522","河北工程大学","123","河北工程大学","","",""
"454","EB4D1493E11147F7BCE98BC9CED11BD9","红薯","D4C45B33BAFB403D954C9F05259C9BD9","8331","1.600000","蔬菜类","C69736E3F36C44099ECA09DCE4534522","河北工程大学","123","河北工程大学","","",""
"455","79847D5AF3CA4C62B6BABAE46730EC52","尖椒","D4C45B33BAFB403D954C9F05259C9BD9","8320","2.500000","蔬菜类","C69736E3F36C44099ECA09DCE4534522","河北工程大学","123","河北工程大学","","",""
"456","01A2550AAC8641DF8B34EA3D8A7502AC","菜花","D4C45B33BAFB403D954C9F05259C9BD9","8321","1.000000","蔬菜类","C69736E3F36C44099ECA09DCE4534522","河北工程大学","123","河北工程大学","","",""
"457","8F86DD731FE142F08D6188844E66FBF9","黄瓜","D4C45B33BAFB403D954C9F05259C9BD9","8322","1.500000","蔬菜类","C69736E3F36C44099ECA09DCE4534522","河北工程大学","123","河北工程大学","","",""
"458","440BD75640FF404F95BB947AE2095027","西葫芦","D4C45B33BAFB403D954C9F05259C9BD9","8323","1.250000","蔬菜类","C69736E3F36C44099ECA09DCE4534522","河北工程大学","123","河北工程大学","","",""
"459","B15192EDE17C4B1687624F62B86855A0","芹菜","D4C45B33BAFB403D954C9F05259C9BD9","8324","0.700000","蔬菜类","C69736E3F36C44099ECA09DCE4534522","河北工程大学","123","河北工程大学","","",""
"460","9787582A040A47EF801931A5AD705C7F","白萝卜","D4C45B33BAFB403D954C9F05259C9BD9","8325","1.000000","蔬菜类","C69736E3F36C44099ECA09DCE4534522","河北工程大学","123","河北工程大学","","",""
"461","AF050C6D23AA4DC8A6F2F5B10D33B30A","土豆","D4C45B33BAFB403D954C9F05259C9BD9","8314","0.700000","蔬菜类","C69736E3F36C44099ECA09DCE4534522","河北工程大学","123","河北工程大学","","",""
"462","A8E4E81E8F5C49B08DD64530C530CB02","葱头","D4C45B33BAFB403D954C9F05259C9BD9","8315","0.600000","蔬菜类","C69736E3F36C44099ECA09DCE4534522","河北工程大学","123","河北工程大学","","",""
"463","2A1570DCB2324EF980EF4CC80A295740","冬瓜","D4C45B33BAFB403D954C9F05259C9BD9","8316","1.000000","蔬菜类","C69736E3F36C44099ECA09DCE4534522","河北工程大学","123","河北工程大学","","",""
"464","23570B5711EB4B09B50DF522997F890E","西红柿","D4C45B33BAFB403D954C9F05259C9BD9","8317","2.100000","蔬菜类","C69736E3F36C44099ECA09DCE4534522","河北工程大学","123","河北工程大学","","",""
"465","5EAFE486858B4040A8DA4F362AD9D529","茄子","D4C45B33BAFB403D954C9F05259C9BD9","8318","1.600000","蔬菜类","C69736E3F36C44099ECA09DCE4534522","河北工程大学","123","河北工程大学","","",""
"466","CDB6D88119BD47189ECC9ED3BD309622","青椒","D4C45B33BAFB403D954C9F05259C9BD9","8319","2.500000","蔬菜类","C69736E3F36C44099ECA09DCE4534522","河北工程大学","123","河北工程大学","","",""
"467","CE16997F34CE4AB89C91890AB6074B31","菠菜","D4C45B33BAFB403D954C9F05259C9BD9","8308","1.200000","蔬菜类","C69736E3F36C44099ECA09DCE4534522","河北工程大学","123","河北工程大学","","",""
"468","7BEC7662D23B40F8B39604DE294FA6A9","蒜台","D4C45B33BAFB403D954C9F05259C9BD9","8309","1.500000","蔬菜类","C69736E3F36C44099ECA09DCE4534522","河北工程大学","123","河北工程大学","","",""
"469","FCCEC911EC3E499BB386CF145B020FFD","肉松","8ECADD5EC42544D79C9681AD27A056C6","8192","50.000000","调配料品类","C69736E3F36C44099ECA09DCE4534522","河北工程大学","123","河北工程大学","","",""
"470","CE15D83CBE30407886727526B01FC271","红豆","8ECADD5EC42544D79C9681AD27A056C6","8194","","调配料品类","C69736E3F36C44099ECA09DCE4534522","河北工程大学","123","河北工程大学","","",""
"471","B7320128D7534EE4B0CEA9F13B8242A9","太太乐天天旺","8ECADD5EC42544D79C9681AD27A056C6","8196","24.000000","调配料品类","C69736E3F36C44099ECA09DCE4534522","河北工程大学","123","河北工程大学","","",""
"472","0FE1D87584F847F1B00D8E0A44FDD6DC","五香粉","8ECADD5EC42544D79C9681AD27A056C6","8140","6.000000","调配料品类","C69736E3F36C44099ECA09DCE4534522","河北工程大学","123","河北工程大学","","",""
"473","A511FB2DD84D4E60B8EB00F8A3404851","饺子料","8ECADD5EC42544D79C9681AD27A056C6","8142","","调配料品类","C69736E3F36C44099ECA09DCE4534522","河北工程大学","123","河北工程大学","","",""
"474","BD585A6826F6432D84A0506461372490","大袋紫菜","8ECADD5EC42544D79C9681AD27A056C6","8164","5.500000","调配料品类","C69736E3F36C44099ECA09DCE4534522","河北工程大学","123","河北工程大学","","",""
"475","C7CF7F9095FF4A4A9C57543BB7D6F5A8","果酱","8ECADD5EC42544D79C9681AD27A056C6","8170","10.000000","调配料品类","C69736E3F36C44099ECA09DCE4534522","河北工程大学","123","河北工程大学","","",""
"476","7F815523036C4CDB9401C4634A3D2D9F","小袋生粉","8ECADD5EC42544D79C9681AD27A056C6","8174","20.000000","调配料品类","C69736E3F36C44099ECA09DCE4534522","河北工程大学","123","河北工程大学","","",""
"477","87597D42977342CB862B066909539857","消泡王","8ECADD5EC42544D79C9681AD27A056C6","8175","6.000000","调配料品类","C69736E3F36C44099ECA09DCE4534522","河北工程大学","123","河北工程大学","","",""
"478","94C488172361436F8AEC20D5290C3C0C","太太乐鸡精","8ECADD5EC42544D79C9681AD27A056C6","8197","75.000000","调配料品类","C69736E3F36C44099ECA09DCE4534522","河北工程大学","123","河北工程大学","","",""
"479","5641FE9DA5FC4D02B23E659FBDC546E4","小麦淀粉","8ECADD5EC42544D79C9681AD27A056C6","8198","94.000000","调配料品类","C69736E3F36C44099ECA09DCE4534522","河北工程大学","123","河北工程大学","","",""
"480","12C1B88E11784AE79653997CD92CEE80","排骨味王","8ECADD5EC42544D79C9681AD27A056C6","8125","2.000000","调配料品类","C69736E3F36C44099ECA09DCE4534522","河北工程大学","123","河北工程大学","","",""
"481","A9032E652E5F402CA17DE18D05CF9DD1","南德","8ECADD5EC42544D79C9681AD27A056C6","8127","3.500000","调配料品类","C69736E3F36C44099ECA09DCE4534522","河北工程大学","123","河北工程大学","","",""
"482","F65D5326D6FF4AD492566EC0CCF8229C","红九九","8ECADD5EC42544D79C9681AD27A056C6","8128","10.000000","调配料品类","C69736E3F36C44099ECA09DCE4534522","河北工程大学","123","河北工程大学","","",""
"483","8624B2C497BF4E25BA12C2A85DF8D27E","麻辣鲜","8ECADD5EC42544D79C9681AD27A056C6","8132","3.500000","调配料品类","C69736E3F36C44099ECA09DCE4534522","河北工程大学","123","河北工程大学","","",""
"484","F81DAD8A3C4846A08A0C0BC457D7C782","沙拉酱","8ECADD5EC42544D79C9681AD27A056C6","8053","15.000000","调配料品类","C69736E3F36C44099ECA09DCE4534522","河北工程大学","123","河北工程大学","","",""
"485","1FB61465908F4300ABC02A3ED7DE5E6B","酵母","8ECADD5EC42544D79C9681AD27A056C6","8054","10.000000","调配料品类","C69736E3F36C44099ECA09DCE4534522","河北工程大学","123","河北工程大学","","",""
"486","060D3F69D2704CD1B7A7CDD66B2CB934","酵母01","8ECADD5EC42544D79C9681AD27A056C6","8055","15.000000","调配料品类","C69736E3F36C44099ECA09DCE4534522","河北工程大学","123","河北工程大学","","",""
"487","3638E70D20BE4421A9729FC95A0B1721","胡椒粉","8ECADD5EC42544D79C9681AD27A056C6","8064","6.000000","调配料品类","C69736E3F36C44099ECA09DCE4534522","河北工程大学","123","河北工程大学","","",""
"488","255C4C63F71646CDB93DE6947E375F06","油炸专用","8ECADD5EC42544D79C9681AD27A056C6","8066","3.000000","调配料品类","C69736E3F36C44099ECA09DCE4534522","河北工程大学","123","河北工程大学","","",""
"489","26CCC33DC66A492098C2B68A8278F3FD","内脂","8ECADD5EC42544D79C9681AD27A056C6","8067","13.000000","调配料品类","C69736E3F36C44099ECA09DCE4534522","河北工程大学","123","河北工程大学","","",""
"490","BD9599D64B1045E0BFFE0BBF64ECBC7C","茼蒿","D4C45B33BAFB403D954C9F05259C9BD9","8003","","蔬菜类","C69736E3F36C44099ECA09DCE4534522","河北工程大学","123","河北工程大学","","",""
"491","995692A26F95457D93BADEC2426181FE","生菜","D4C45B33BAFB403D954C9F05259C9BD9","8004","","蔬菜类","C69736E3F36C44099ECA09DCE4534522","河北工程大学","123","河北工程大学","","",""
"492","C3B7A71A0AA04F1A81D75AD3D2FE5F7E","猪肉","954ECD89A1D847F5B004B196DC3B56FE","8005","","肉禽类","C69736E3F36C44099ECA09DCE4534522","河北工程大学","123","河北工程大学","","",""
"493","53B15D9BE87F457BAA0F9BD561A57FB0","鸡蛋","ADB78106DB83434B9D7D8451E86DBD1C","1001","","蛋类","C69736E3F36C44099ECA09DCE4534522","河北工程大学","123","河北工程大学","","",""
"494","AA17886B18CD455B86E1E5886E43462E","东北大米","715C023DB749487DA9C636E07D050581","8006","2.380000","米面杂粮类","C69736E3F36C44099ECA09DCE4534522","河北工程大学","123","河北工程大学","","",""
"495","2BF4DC4B56994E8A887C552227CFA43A","雪花粉","715C023DB749487DA9C636E07D050581","8007","1.580000","米面杂粮类","C69736E3F36C44099ECA09DCE4534522","河北工程大学","123","河北工程大学","","",""
"496","8316c52961f64dda82fab1972103d265","油爆虾","28F4604F9D694A249CB40B32E8F3F83A","00021020","","虾类","4f2c1155224b4b9895aa3120f0e7f977","海创园餐厅","fc259240d07046a0bd0393b28def547e","海创园租户","67721565ab5d4c0780104f78c56e26d0","king","2018-06-01 14:55:31"
